laundry;dirty;filthy;messy;dreckig;schmutzig;gryazniy;
hand;dirty;filthy;messy;dreckig;schmutzig;gryazniy;
city;dirty;filthy;messy;dreckig;schmutzig;gryazniy;
road;dirty;filthy;messy;dreckig;schmutzig;gryazniy;
floor;dirty;filthy;messy;dreckig;schmutzig;gryazniy;
business;dirty;filthy;messy;dreckig;schmutzig;gryazniy;
work;dirty;filthy;messy;dreckig;schmutzig;gryazniy;
dog;dirty;filthy;messy;dreckig;;gryazniy;
puddle;dirty;filthy;messy;;schmutzig;gryazniy;
environment;dirty;filthy;messy;;schmutzig;gryazniy;
language;dirty;filthy;messy;;schmutzig;gryazniy;
blood;dirty;filthy;messy;;schmutzig;gryazniy;
cloth;dirty;filthy;messy;;schmutzig;gryazniy;
face;dirty;filthy;messy;;schmutzig;gryazniy;
town;dirty;filthy;messy;;schmutzig;gryazniy;
ball;dirty;filthy;messy;;schmutzig;gryazniy;
body;dirty;filthy;messy;;schmutzig;gryazniy;
paper;dirty;filthy;messy;;schmutzig;gryazniy;
house;dirty;filthy;messy;;schmutzig;gryazniy;
sand;dirty;filthy;messy;;schmutzig;gryazniy;
reality;dirty;filthy;messy;;schmutzig;gryazniy;
society;dirty;filthy;messy;;schmutzig;gryazniy;
man;dirty;filthy;messy;;schmutzig;gryazniy;
shirt;dirty;filthy;messy;;schmutzig;gryazniy;
thing;dirty;filthy;messy;;schmutzig;gryazniy;
bed;dirty;filthy;messy;;schmutzig;gryazniy;
practice;dirty;filthy;messy;;schmutzig;gryazniy;
matter;dirty;filthy;messy;;schmutzig;gryazniy;
water;dirty;filthy;messy;;schmutzig;gryazniy;
yard;dirty;filthy;messy;;schmutzig;gryazniy;
method;dirty;filthy;messy;;schmutzig;gryazniy;
word;dirty;filthy;messy;;schmutzig;gryazniy;
picture;dirty;filthy;messy;;schmutzig;gryazniy;
craft;dirty;filthy;messy;;schmutzig;gryazniy;
job;dirty;filthy;messy;;schmutzig;gryazniy;
kitchen;dirty;filthy;messy;;schmutzig;gryazniy;
woman;dirty;filthy;messy;;schmutzig;gryazniy;
bag;dirty;filthy;messy;;schmutzig;gryazniy;
apartment;dirty;filthy;messy;;schmutzig;gryazniy;
page;dirty;filthy;messy;;schmutzig;gryazniy;
world;dirty;filthy;messy;;schmutzig;gryazniy;
detail;dirty;filthy;messy;;schmutzig;gryazniy;
hotel;dirty;filthy;messy;;schmutzig;gryazniy;
building;dirty;filthy;messy;;schmutzig;gryazniy;
book;dirty;filthy;messy;;schmutzig;gryazniy;
campaign;dirty;filthy;messy;;schmutzig;gryazniy;
child;dirty;filthy;messy;;schmutzig;gryazniy;
war;dirty;filthy;messy;;schmutzig;gryazniy;
story;dirty;filthy;messy;;schmutzig;gryazniy;
affair;dirty;filthy;messy;;schmutzig;;
mud;dirty;filthy;messy;;schmutzig;;
clothing;dirty;filthy;messy;;schmutzig;;
object;dirty;filthy;messy;;schmutzig;;
character;dirty;filthy;messy;;schmutzig;;
cook;dirty;filthy;messy;;;gryazniy;
habit;dirty;filthy;messy;;;gryazniy;
form;dirty;filthy;messy;;;gryazniy;
way;dirty;filthy;messy;;;gryazniy;
letter;dirty;filthy;messy;;;gryazniy;
nature;dirty;filthy;messy;;;gryazniy;
box;dirty;filthy;messy;;;gryazniy;
end;dirty;filthy;messy;;;gryazniy;
place;dirty;filthy;messy;;;gryazniy;
situation;dirty;filthy;messy;;;gryazniy;
sheet;dirty;filthy;messy;;;gryazniy;
newspaper;dirty;filthy;messy;;;gryazniy;
patch;dirty;filthy;messy;;;gryazniy;
attic;dirty;filthy;messy;;;gryazniy;
morning;dirty;filthy;messy;;;gryazniy;
weather;dirty;filthy;messy;;;gryazniy;
marriage;dirty;filthy;messy;;;gryazniy;
table;dirty;filthy;messy;;;gryazniy;
mouth;dirty;filthy;messy;;;gryazniy;
spot;dirty;filthy;messy;;;gryazniy;
life;dirty;filthy;messy;;;gryazniy;
stuff;dirty;filthy;messy;;;gryazniy;
ice;dirty;filthy;messy;;;gryazniy;
backyard;dirty;filthy;messy;;;gryazniy;
path;dirty;filthy;messy;;;gryazniy;
layer;dirty;filthy;messy;;;gryazniy;
head;dirty;filthy;messy;;;gryazniy;
day;dirty;filthy;messy;;;gryazniy;
corner;dirty;filthy;messy;;;gryazniy;
pool;dirty;filthy;messy;;;gryazniy;
piece;dirty;filthy;messy;;;gryazniy;
grass;dirty;filthy;messy;;;gryazniy;
mess;dirty;filthy;messy;;;gryazniy;
shop;dirty;filthy;messy;;;gryazniy;
waste;dirty;filthy;messy;;;gryazniy;
desk;dirty;filthy;messy;;;gryazniy;
ground;dirty;filthy;messy;;;gryazniy;
surface;dirty;filthy;messy;;;gryazniy;
mind;dirty;filthy;messy;;;gryazniy;
hole;dirty;filthy;messy;;;gryazniy;
room;dirty;filthy;messy;;;gryazniy;
mop;dirty;filthy;messy;;;gryazniy;
space;dirty;filthy;messy;;;gryazniy;
case;dirty;filthy;messy;;;gryazniy;
side;dirty;filthy;messy;;;gryazniy;
murder;dirty;filthy;messy;;;gryazniy;
procedure;dirty;filthy;messy;;;gryazniy;
pot;dirty;filthy;messy;;;gryazniy;
garbage;dirty;filthy;messy;;;gryazniy;
lump;dirty;filthy;messy;;;gryazniy;
diaper;dirty;filthy;messy;;;gryazniy;
web;dirty;filthy;messy;;;gryazniy;
scandal;dirty;filthy;messy;;;gryazniy;
basement;dirty;filthy;messy;;;gryazniy;
act;dirty;filthy;messy;;;gryazniy;
power;dirty;filthy;messy;;;gryazniy;
class;dirty;filthy;messy;;;gryazniy;
residue;dirty;filthy;messy;;;gryazniy;
street;dirty;filthy;messy;;;gryazniy;
cloud;dirty;filthy;messy;;;gryazniy;
creature;dirty;filthy;messy;;;gryazniy;
condition;dirty;filthy;messy;;;gryazniy;
game;dirty;filthy;messy;;;gryazniy;
finger;dirty;filthy;messy;;;gryazniy;
production;dirty;filthy;messy;;;gryazniy;
cooking;dirty;filthy;messy;;;gryazniy;
boy;dirty;filthy;messy;;;gryazniy;
chaos;dirty;filthy;messy;;;gryazniy;
trail;dirty;filthy;messy;;;gryazniy;
car;dirty;filthy;messy;;;gryazniy;
closet;dirty;filthy;messy;;;gryazniy;
crime;dirty;filthy;messy;;;gryazniy;
plate;dirty;filthy;messy;;;gryazniy;
divorce;dirty;filthy;messy;;;gryazniy;
beard;dirty;filthy;messy;;;gryazniy;
oil;dirty;filthy;messy;;;gryazniy;
process;dirty;filthy;messy;;;gryazniy;
time;dirty;filthy;messy;;;gryazniy;
bunch;dirty;filthy;messy;;;gryazniy;
home;dirty;filthy;messy;;;gryazniy;
girl;dirty;filthy;messy;;;gryazniy;
paint;dirty;filthy;messy;;;gryazniy;
scene;dirty;filthy;messy;;;gryazniy;
part;dirty;filthy;messy;;;gryazniy;
hair;dirty;filthy;messy;;;gryazniy;
truth;dirty;filthy;messy;;;gryazniy;
night;dirty;filthy;messy;;;gryazniy;
area;dirty;filthy;messy;;;gryazniy;
expression;dirty;filthy;messy;;;gryazniy;
deal;dirty;filthy;messy;;;gryazniy;
bird;dirty;filthy;messy;;;gryazniy;
gas;dirty;filthy;messy;;;gryazniy;
operation;dirty;filthy;messy;;;gryazniy;
cage;dirty;filthy;messy;;;gryazniy;
clutter;dirty;filthy;messy;;;;
stage;dirty;filthy;messy;;;;
substance;dirty;filthy;messy;;;;
debris;dirty;filthy;messy;;;;
fact;dirty;filthy;messy;;;;
preparation;dirty;filthy;messy;;;;
court;dirty;filthy;messy;;;;
passage;dirty;filthy;messy;;;;
sort;dirty;filthy;messy;;;;
behavior;dirty;filthy;messy;;;;
group;dirty;filthy;messy;;;;
feeder;dirty;filthy;messy;;;;
plot;dirty;filthy;messy;;;;
drawing;dirty;filthy;messy;;;;
living;dirty;filthy;messy;;;;
solution;dirty;filthy;messy;;;;
existence;dirty;filthy;messy;;;;
state;dirty;filthy;messy;;;;
labor;dirty;filthy;messy;;;;
line;dirty;filthy;messy;;;;
sex;dirty;filthy;messy;;;;
record;dirty;filthy;messy;;;;
party;dirty;filthy;messy;;;;
bedroom;dirty;filthy;messy;;;;
fruit;dirty;filthy;messy;;;;
garage;dirty;filthy;messy;;;;
meal;dirty;filthy;messy;;;;
police;dirty;filthy;messy;;;;
office;dirty;filthy;messy;;;;
nest;dirty;filthy;messy;;;;
sight;dirty;filthy;messy;;;;
field;dirty;filthy;messy;;;;
mixture;dirty;filthy;messy;;;;
experience;dirty;filthy;messy;;;;
studio;dirty;filthy;messy;;;;
confusion;dirty;filthy;messy;;;;
baby;dirty;filthy;messy;;;;
clay;dirty;filthy;messy;;;;
self;dirty;filthy;messy;;;;
person;dirty;filthy;messy;;;;
disorder;dirty;filthy;messy;;;;
lab;dirty;filthy;messy;;;;
history;dirty;filthy;messy;;;;
chore;dirty;filthy;messy;;;;
battle;dirty;filthy;messy;;;;
household;dirty;filthy;messy;;;;
type;dirty;filthy;messy;;;;
manuscript;dirty;filthy;messy;;;;
heap;dirty;filthy;messy;;;;
example;dirty;filthy;messy;;;;
product;dirty;filthy;messy;;;;
humanity;dirty;filthy;messy;;;;
conversation;dirty;filthy;messy;;;;
tale;dirty;filthy;messy;;;;
bundle;dirty;filthy;messy;;;;
writer;dirty;filthy;messy;;;;
kid;dirty;filthy;messy;;;;
traffic;dirty;filthy;messy;;;;
lot;dirty;filthy;messy;;;;
collection;dirty;filthy;messy;;;;
spectacle;dirty;filthy;messy;;;;
string;dirty;filthy;messy;;;;
bathroom;dirty;filthy;messy;;;;
machine;dirty;filthy;messy;;;;
camp;dirty;filthy;messy;;;;
dish;dirty;filthy;messy;;;;
system;dirty;filthy;messy;;;;
image;dirty;filthy;messy;;;;
manner;dirty;filthy;messy;;;;
coffee;dirty;filthy;messy;;;;
aspect;dirty;filthy;messy;;;;
corpse;dirty;filthy;messy;;;;
task;dirty;filthy;messy;;;;
kind;dirty;filthy;messy;;;;
food;dirty;filthy;messy;;;;
school;dirty;filthy;messy;;;;
soup;dirty;filthy;messy;;;;
store;dirty;filthy;messy;;;;
bit;dirty;filthy;messy;;;;
fashion;dirty;filthy;messy;;;;
death;dirty;filthy;messy;;;;
slob;dirty;filthy;messy;;;;
land;dirty;filthy;messy;;;;
art;dirty;filthy;messy;;;;
material;dirty;filthy;messy;;;;
muddle;dirty;filthy;messy;;;;
dinner;dirty;filthy;messy;;;;
appearance;dirty;filthy;messy;;;;
evidence;dirty;filthy;messy;;;;
winter;dirty;filthy;messy;;;;
occupation;dirty;filthy;messy;;;;
family;dirty;filthy;messy;;;;
air;dirty;filthy;;dreckig;schmutzig;gryazniy;
pig;dirty;filthy;;dreckig;schmutzig;gryazniy;
shoe;dirty;filthy;;dreckig;schmutzig;gryazniy;
joke;dirty;filthy;;dreckig;schmutzig;gryazniy;
paw;dirty;filthy;;dreckig;schmutzig;gryazniy;
whore;dirty;filthy;;dreckig;;gryazniy;
linen;dirty;filthy;;;schmutzig;gryazniy;
passion;dirty;filthy;;;schmutzig;gryazniy;
interest;dirty;filthy;;;schmutzig;gryazniy;
trick;dirty;filthy;;;schmutzig;gryazniy;
alley;dirty;filthy;;;schmutzig;gryazniy;
stain;dirty;filthy;;;schmutzig;gryazniy;
window;dirty;filthy;;;schmutzig;gryazniy;
village;dirty;filthy;;;schmutzig;gryazniy;
mob;dirty;filthy;;;schmutzig;gryazniy;
dress;dirty;filthy;;;schmutzig;gryazniy;
desire;dirty;filthy;;;schmutzig;gryazniy;
slander;dirty;filthy;;;schmutzig;gryazniy;
soul;dirty;filthy;;;schmutzig;gryazniy;
channel;dirty;filthy;;;schmutzig;gryazniy;
money;dirty;filthy;;;schmutzig;gryazniy;
song;dirty;filthy;;;schmutzig;gryazniy;
district;dirty;filthy;;;schmutzig;gryazniy;
beggar;dirty;filthy;;;schmutzig;gryazniy;
poverty;dirty;filthy;;;schmutzig;gryazniy;
profit;dirty;filthy;;;schmutzig;gryazniy;
apron;dirty;filthy;;;schmutzig;gryazniy;
towel;dirty;filthy;;;schmutzig;gryazniy;
jacket;dirty;filthy;;;schmutzig;gryazniy;
foam;dirty;filthy;;;schmutzig;gryazniy;
flooring;dirty;filthy;;;schmutzig;gryazniy;
river;dirty;filthy;;;schmutzig;gryazniy;
hell;dirty;filthy;;;schmutzig;gryazniy;
glass;dirty;filthy;;;schmutzig;gryazniy;
coat;dirty;filthy;;;schmutzig;gryazniy;
pond;dirty;filthy;;;schmutzig;gryazniy;
handkerchief;dirty;filthy;;;schmutzig;gryazniy;
disease;dirty;filthy;;;schmutzig;gryazniy;
milk;dirty;filthy;;;schmutzig;gryazniy;
action;dirty;filthy;;;schmutzig;gryazniy;
lake;dirty;filthy;;;schmutzig;gryazniy;
market;dirty;filthy;;;schmutzig;gryazniy;
fur;dirty;filthy;;;schmutzig;gryazniy;
snow;dirty;filthy;;;schmutzig;gryazniy;
greed;dirty;filthy;;;schmutzig;gryazniy;
glove;dirty;filthy;;;schmutzig;gryazniy;
hut;dirty;filthy;;;schmutzig;gryazniy;
purpose;dirty;filthy;;;schmutzig;;
weapon;dirty;filthy;;;schmutzig;;
truck;dirty;filthy;;;schmutzig;;
cell;dirty;filthy;;;schmutzig;;
factory;dirty;filthy;;;schmutzig;;
element;dirty;filthy;;;schmutzig;;
flood;dirty;filthy;;;schmutzig;;
imagination;dirty;filthy;;;schmutzig;;
suit;dirty;filthy;;;schmutzig;;
dwelling;dirty;filthy;;;schmutzig;;
pub;dirty;filthy;;;schmutzig;;
selfishness;dirty;filthy;;;schmutzig;;
robe;dirty;filthy;;;schmutzig;;
underwear;dirty;filthy;;;schmutzig;;
attitude;dirty;filthy;;;schmutzig;;
reputation;dirty;filthy;;;;gryazniy;
boat;dirty;filthy;;;;gryazniy;
pillow;dirty;filthy;;;;gryazniy;
turban;dirty;filthy;;;;gryazniy;
fraud;dirty;filthy;;;;gryazniy;
cow;dirty;filthy;;;;gryazniy;
smell;dirty;filthy;;;;gryazniy;
figure;dirty;filthy;;;;gryazniy;
ragamuffin;dirty;filthy;;;;gryazniy;
cassock;dirty;filthy;;;;gryazniy;
sludge;dirty;filthy;;;;gryazniy;
canvas;dirty;filthy;;;;gryazniy;
bus;dirty;filthy;;;;gryazniy;
bandage;dirty;filthy;;;;gryazniy;
cheek;dirty;filthy;;;;gryazniy;
island;dirty;filthy;;;;gryazniy;
wallpaper;dirty;filthy;;;;gryazniy;
slime;dirty;filthy;;;;gryazniy;
napkin;dirty;filthy;;;;gryazniy;
dream;dirty;filthy;;;;gryazniy;
neck;dirty;filthy;;;;gryazniy;
trash;dirty;filthy;;;;gryazniy;
skirt;dirty;filthy;;;;gryazniy;
ditch;dirty;filthy;;;;gryazniy;
pamphlet;dirty;filthy;;;;gryazniy;
source;dirty;filthy;;;;gryazniy;
dungeon;dirty;filthy;;;;gryazniy;
beast;dirty;filthy;;;;gryazniy;
hat;dirty;filthy;;;;gryazniy;
deck;dirty;filthy;;;;gryazniy;
fiction;dirty;filthy;;;;gryazniy;
pillowcase;dirty;filthy;;;;gryazniy;
barn;dirty;filthy;;;;gryazniy;
bathrobe;dirty;filthy;;;;gryazniy;
peasant;dirty;filthy;;;;gryazniy;
skin;dirty;filthy;;;;gryazniy;
broom;dirty;filthy;;;;gryazniy;
barracks;dirty;filthy;;;;gryazniy;
name;dirty;filthy;;;;gryazniy;
mane;dirty;filthy;;;;gryazniy;
trench;dirty;filthy;;;;gryazniy;
meaning;dirty;filthy;;;;gryazniy;
fog;dirty;filthy;;;;gryazniy;
toilet;dirty;filthy;;;;gryazniy;
cap;dirty;filthy;;;;gryazniy;
propaganda;dirty;filthy;;;;gryazniy;
idea;dirty;filthy;;;;gryazniy;
wall;dirty;filthy;;;;gryazniy;
kennel;dirty;filthy;;;;gryazniy;
slum;dirty;filthy;;;;gryazniy;
rope;dirty;filthy;;;;gryazniy;
wreck;dirty;filthy;;;;gryazniy;
collar;dirty;filthy;;;;gryazniy;
deed;dirty;filthy;;;;gryazniy;
company;dirty;filthy;;;;gryazniy;
stream;dirty;filthy;;;;gryazniy;
bowl;dirty;filthy;;;;gryazniy;
wave;dirty;filthy;;;;gryazniy;
dirt;dirty;filthy;;;;gryazniy;
sock;dirty;filthy;;;;gryazniy;
gang;dirty;filthy;;;;gryazniy;
shit;dirty;filthy;;;;gryazniy;
foot;dirty;filthy;;;;gryazniy;
innuendo;dirty;filthy;;;;gryazniy;
poison;dirty;filthy;;;;gryazniy;
soil;dirty;filthy;;;;gryazniy;
trough;dirty;filthy;;;;gryazniy;
rumor;dirty;filthy;;;;gryazniy;
rain;dirty;filthy;;;;gryazniy;
drain;dirty;filthy;;;;gryazniy;
cart;dirty;filthy;;;;gryazniy;
entrance;dirty;filthy;;;;gryazniy;
bucket;dirty;filthy;;;;gryazniy;
station;dirty;filthy;;;;gryazniy;
monster;dirty;filthy;;;;gryazniy;
steamer;dirty;filthy;;;;gryazniy;
plaster;dirty;filthy;;;;gryazniy;
mattress;dirty;filthy;;;;gryazniy;
chest;dirty;filthy;;;;gryazniy;
fountain;dirty;filthy;;;;gryazniy;
bank;dirty;filthy;;;;gryazniy;
belly;dirty;filthy;;;;gryazniy;
smear;dirty;filthy;;;;gryazniy;
staircase;dirty;filthy;;;;gryazniy;
wax;dirty;filthy;;;;gryazniy;
stove;dirty;filthy;;;;gryazniy;
underpants;dirty;filthy;;;;gryazniy;
article;dirty;filthy;;;;gryazniy;
claw;dirty;filthy;;;;gryazniy;
scarf;dirty;filthy;;;;gryazniy;
cesspool;dirty;filthy;;;;gryazniy;
sky;dirty;filthy;;;;gryazniy;
lie;dirty;filthy;;;;gryazniy;
asphalt;dirty;filthy;;;;gryazniy;
vest;dirty;filthy;;;;gryazniy;
smoke;dirty;filthy;;;;gryazniy;
tavern;dirty;filthy;;;;gryazniy;
scheme;dirty;filthy;;;;gryazniy;
strip;dirty;filthy;;;;gryazniy;
dust;dirty;filthy;;;;gryazniy;
overcoat;dirty;filthy;;;;gryazniy;
nigger;dirty;filthy;;;;gryazniy;
shore;dirty;filthy;;;;gryazniy;
bench;dirty;filthy;;;;gryazniy;
slave;dirty;filthy;;;;gryazniy;
scum;dirty;filthy;;;;gryazniy;
sweater;dirty;filthy;;;;gryazniy;
trade;dirty;filthy;;;;gryazniy;
print;dirty;filthy;;;;gryazniy;
metal;dirty;filthy;;;;gryazniy;
rag;dirty;filthy;;;;gryazniy;
sheepskin;dirty;filthy;;;;gryazniy;
prison;dirty;filthy;;;;gryazniy;
wool;dirty;filthy;;;;gryazniy;
coward;dirty;filthy;;;;gryazniy;
quarter;dirty;filthy;;;;gryazniy;
bottle;dirty;filthy;;;;gryazniy;
traitor;dirty;filthy;;;;gryazniy;
conscience;dirty;filthy;;;;gryazniy;
sweatshirt;dirty;filthy;;;;gryazniy;
palm;dirty;filthy;;;;gryazniy;
stone;dirty;filthy;;;;gryazniy;
ceiling;dirty;filthy;;;;gryazniy;
bitch;dirty;filthy;;;;gryazniy;
sea;dirty;filthy;;;;gryazniy;
sheep;dirty;filthy;;;;gryazniy;
carpet;dirty;filthy;;;;gryazniy;
burlap;dirty;filthy;;;;gryazniy;
vessel;dirty;filthy;;;;gryazniy;
corridor;dirty;filthy;;;;gryazniy;
lust;dirty;filthy;;;;gryazniy;
blanket;dirty;filthy;;;;gryazniy;
service;dirty;filthy;;;;gryazniy;
sofa;dirty;filthy;;;;gryazniy;
stomach;dirty;filthy;;;;gryazniy;
tramp;dirty;filthy;;;;gryazniy;
country;dirty;filthy;;;;gryazniy;
track;dirty;filthy;;;;gryazniy;
shroud;dirty;filthy;;;;gryazniy;
sidewalk;dirty;filthy;;;;gryazniy;
brush;dirty;filthy;;;;gryazniy;
desert;dirty;filthy;;;;gryazniy;
hospital;dirty;filthy;;;;gryazniy;
cabin;dirty;filthy;;;;gryazniy;
literature;dirty;filthy;;;;gryazniy;
slut;dirty;filthy;;;;gryazniy;
gauze;dirty;filthy;;;;gryazniy;
shack;dirty;filthy;;;;gryazniy;
salt;dirty;filthy;;;;gryazniy;
spray;dirty;filthy;;;;gryazniy;
heart;dirty;filthy;;;;gryazniy;
goat;dirty;filthy;;;;gryazniy;
warehouse;dirty;filthy;;;;gryazniy;
flesh;dirty;filthy;;;;gryazniy;
slip;dirty;filthy;;;;gryazniy;
band;dirty;filthy;;;;gryazniy;
envelope;dirty;filthy;;;;gryazniy;
den;dirty;filthy;;;;gryazniy;
contact;dirty;filthy;;;;gryazniy;
age;dirty;filthy;;;;gryazniy;
cup;dirty;filthy;;;;gryazniy;
intrigue;dirty;filthy;;;;gryazniy;
raincoat;dirty;filthy;;;;gryazniy;
fingernail;dirty;filthy;;;;gryazniy;
restaurant;dirty;filthy;;;;gryazniy;
farce;dirty;filthy;;;;gryazniy;
blouse;dirty;filthy;;;;gryazniy;
haze;dirty;filthy;;;;gryazniy;
nose;dirty;filthy;;;;gryazniy;
talk;dirty;filthy;;;;gryazniy;
wound;dirty;filthy;;;;gryazniy;
coin;dirty;filthy;;;;gryazniy;
sleeve;dirty;filthy;;;;gryazniy;
quagmire;dirty;filthy;;;;gryazniy;
wash;dirty;filthy;;;;gryazniy;
bark;dirty;filthy;;;;gryazniy;
muck;dirty;filthy;;;;gryazniy;
libel;dirty;filthy;;;;gryazniy;
cat;dirty;filthy;;;;gryazniy;
attack;dirty;filthy;;;;gryazniy;
insult;dirty;filthy;;;;gryazniy;
door;dirty;filthy;;;;gryazniy;
ass;dirty;filthy;;;;gryazniy;
inn;dirty;filthy;;;;;
rubber;dirty;filthy;;;;;
dive;dirty;filthy;;;;;
skylight;dirty;filthy;;;;;
tongue;dirty;filthy;;;;;
remark;dirty;filthy;;;;;
sewer;dirty;filthy;;;;;
spider;dirty;filthy;;;;;
rug;dirty;filthy;;;;;
cigarette;dirty;filthy;;;;;
conduct;dirty;filthy;;;;;
sod;dirty;filthy;;;;;
soot;dirty;filthy;;;;;
fish;dirty;filthy;;;;;
cot;dirty;filthy;;;;;
morsel;dirty;filthy;;;;;
horn;dirty;filthy;;;;;
darkness;dirty;filthy;;;;;
sweat;dirty;filthy;;;;;
tablecloth;dirty;filthy;;;;;
wench;dirty;filthy;;;;;
deposit;dirty;filthy;;;;;
insect;dirty;filthy;;;;;
habitation;dirty;filthy;;;;;
talker;dirty;filthy;;;;;
linoleum;dirty;filthy;;;;;
beer;dirty;filthy;;;;;
arm;dirty;filthy;;;;;
folk;dirty;filthy;;;;;
garb;dirty;filthy;;;;;
music;dirty;filthy;;;;;
shepherd;dirty;filthy;;;;;
hippie;dirty;filthy;;;;;
grin;dirty;filthy;;;;;
drunkard;dirty;filthy;;;;;
smock;dirty;filthy;;;;;
hallway;dirty;filthy;;;;;
nook;dirty;filthy;;;;;
wine;dirty;filthy;;;;;
rabble;dirty;filthy;;;;;
frenchman;dirty;filthy;;;;;
hog;dirty;filthy;;;;;
port;dirty;filthy;;;;;
cause;dirty;filthy;;;;;
jim;dirty;filthy;;;;;
shag;dirty;filthy;;;;;
swine;dirty;filthy;;;;;
base;dirty;filthy;;;;;
nightgown;dirty;filthy;;;;;
scavenger;dirty;filthy;;;;;
knowledge;dirty;filthy;;;;;
parasite;dirty;filthy;;;;;
copper;dirty;filthy;;;;;
silk;dirty;filthy;;;;;
nothing;dirty;filthy;;;;;
term;dirty;filthy;;;;;
delight;dirty;filthy;;;;;
devil;dirty;filthy;;;;;
urinal;dirty;filthy;;;;;
servant;dirty;filthy;;;;;
steel;dirty;filthy;;;;;
workshop;dirty;filthy;;;;;
punch;dirty;filthy;;;;;
stairway;dirty;filthy;;;;;
junk;dirty;filthy;;;;;
canal;dirty;filthy;;;;;
movie;dirty;filthy;;;;;
pelf;dirty;filthy;;;;;
husband;dirty;filthy;;;;;
lavatory;dirty;filthy;;;;;
sediment;dirty;filthy;;;;;
slang;dirty;filthy;;;;;
tub;dirty;filthy;;;;;
toad;dirty;filthy;;;;;
population;dirty;filthy;;;;;
louse;dirty;filthy;;;;;
snake;dirty;filthy;;;;;
bread;dirty;filthy;;;;;
creek;dirty;filthy;;;;;
cab;dirty;filthy;;;;;
pack;dirty;filthy;;;;;
humor;dirty;filthy;;;;;
blot;dirty;filthy;;;;;
iron;dirty;filthy;;;;;
pocket;dirty;filthy;;;;;
mantle;dirty;filthy;;;;;
hussy;dirty;filthy;;;;;
silver;dirty;filthy;;;;;
saloon;dirty;filthy;;;;;
tent;dirty;filthy;;;;;
vagabond;dirty;filthy;;;;;
squalor;dirty;filthy;;;;;
hall;dirty;filthy;;;;;
cushion;dirty;filthy;;;;;
fire;dirty;filthy;;;;;
slush;dirty;filthy;;;;;
roadside;dirty;filthy;;;;;
gown;dirty;filthy;;;;;
pup;dirty;filthy;;;;;
tenement;dirty;filthy;;;;;
knave;dirty;filthy;;;;;
evening;dirty;filthy;;;;;
finery;dirty;filthy;;;;;
stench;dirty;filthy;;;;;
tunic;dirty;filthy;;;;;
crew;dirty;filthy;;;;;
railway;dirty;filthy;;;;;
apparel;dirty;filthy;;;;;
diet;dirty;filthy;;;;;
priest;dirty;filthy;;;;;
chimney;dirty;filthy;;;;;
tee;dirty;filthy;;;;;
underclothes;dirty;filthy;;;;;
basin;dirty;filthy;;;;;
pirate;dirty;filthy;;;;;
medicine;dirty;filthy;;;;;
cave;dirty;filthy;;;;;
novel;dirty;filthy;;;;;
pimp;dirty;filthy;;;;;
singlet;dirty;filthy;;;;;
section;dirty;filthy;;;;;
locality;dirty;filthy;;;;;
pallet;dirty;filthy;;;;;
pit;dirty;filthy;;;;;
memory;dirty;filthy;;;;;
gag;dirty;filthy;;;;;
farm;dirty;filthy;;;;;
exhaust;dirty;filthy;;;;;
tide;dirty;filthy;;;;;
shower;dirty;filthy;;;;;
slop;dirty;filthy;;;;;
baggage;dirty;filthy;;;;;
forecastle;dirty;filthy;;;;;
prisoner;dirty;filthy;;;;;
london;dirty;filthy;;;;;
farmyard;dirty;filthy;;;;;
loft;dirty;filthy;;;;;
worm;dirty;filthy;;;;;
rice;dirty;filthy;;;;;
refugee;dirty;filthy;;;;;
yid;dirty;filthy;;;;;
stair;dirty;filthy;;;;;
pus;dirty;filthy;;;;;
marble;dirty;filthy;;;;;
couch;dirty;filthy;;;;;
pail;dirty;filthy;;;;;
bone;dirty;filthy;;;;;
attire;dirty;filthy;;;;;
outrage;dirty;filthy;;;;;
jail;dirty;filthy;;;;;
morass;dirty;filthy;;;;;
hobo;dirty;filthy;;;;;
cement;dirty;filthy;;;;;
neighborhood;dirty;filthy;;;;;
freight;dirty;filthy;;;;;
washroom;dirty;filthy;;;;;
tank;dirty;filthy;;;;;
sawdust;dirty;filthy;;;;;
dollar;dirty;filthy;;;;;
bargain;dirty;filthy;;;;;
bribe;dirty;filthy;;;;;
tile;dirty;filthy;;;;;
mongrel;dirty;filthy;;;;;
profession;dirty;filthy;;;;;
bug;dirty;filthy;;;;;
neglect;dirty;filthy;;;;;
seat;dirty;filthy;;;;;
undershirt;dirty;filthy;;;;;
touch;dirty;filthy;;;;;
nightshirt;dirty;filthy;;;;;
doctor;dirty;filthy;;;;;
hypocrite;dirty;filthy;;;;;
windshield;dirty;filthy;;;;;
loin;dirty;filthy;;;;;
t;dirty;filthy;;;;;
luck;dirty;filthy;;;;;
charge;dirty;filthy;;;;;
harbor;dirty;filthy;;;;;
bandanna;dirty;filthy;;;;;
rogue;dirty;filthy;;;;;
cellar;dirty;filthy;;;;;
stretch;dirty;filthy;;;;;
insinuation;dirty;filthy;;;;;
restroom;dirty;filthy;;;;;
magazine;dirty;filthy;;;;;
swarm;dirty;filthy;;;;;
mountain;dirty;filthy;;;;;
law;dirty;filthy;;;;;
region;dirty;filthy;;;;;
wind;dirty;filthy;;;;;
mist;dirty;filthy;;;;;
oven;dirty;filthy;;;;;
dhoti;dirty;filthy;;;;;
wig;dirty;filthy;;;;;
chain;dirty;filthy;;;;;
shambles;dirty;filthy;;;;;
noise;dirty;filthy;;;;;
yankee;dirty;filthy;;;;;
sport;dirty;filthy;;;;;
beach;dirty;filthy;;;;;
drudgery;dirty;filthy;;;;;
rock;dirty;filthy;;;;;
coal;dirty;filthy;;;;;
turk;dirty;filthy;;;;;
screen;dirty;filthy;;;;;
tweed;dirty;filthy;;;;;
specimen;dirty;filthy;;;;;
bathtub;dirty;filthy;;;;;
quilt;dirty;filthy;;;;;
butcher;dirty;filthy;;;;;
voice;dirty;filthy;;;;;
neighbourhood;dirty;filthy;;;;;
calico;dirty;filthy;;;;;
jest;dirty;filthy;;;;;
mire;dirty;filthy;;;;;
steam;dirty;filthy;;;;;
suggestion;dirty;filthy;;;;;
compartment;dirty;filthy;;;;;
alleyway;dirty;filthy;;;;;
gossip;dirty;filthy;;;;;
ruffian;dirty;filthy;;;;;
flannel;dirty;filthy;;;;;
sack;dirty;filthy;;;;;
butter;dirty;filthy;;;;;
establishment;dirty;filthy;;;;;
son;dirty;filthy;;;;;
blackguard;dirty;filthy;;;;;
throat;dirty;filthy;;;;;
powder;dirty;filthy;;;;;
outhouse;dirty;filthy;;;;;
pavement;dirty;filthy;;;;;
jersey;dirty;filthy;;;;;
row;dirty;filthy;;;;;
ghetto;dirty;filthy;;;;;
herd;dirty;filthy;;;;;
bandana;dirty;filthy;;;;;
drainage;dirty;filthy;;;;;
witch;dirty;filthy;;;;;
discharge;dirty;filthy;;;;;
engine;dirty;filthy;;;;;
platform;dirty;filthy;;;;;
cash;dirty;filthy;;;;;
odor;dirty;filthy;;;;;
rainwater;dirty;filthy;;;;;
phone;dirty;filthy;;;;;
cotton;dirty;filthy;;;;;
load;dirty;filthy;;;;;
wickedness;dirty;filthy;;;;;
baseball;dirty;filthy;;;;;
trailer;dirty;filthy;;;;;
stranger;dirty;filthy;;;;;
cape;dirty;filthy;;;;;
clout;dirty;filthy;;;;;
froth;dirty;filthy;;;;;
soldier;dirty;filthy;;;;;
loincloth;dirty;filthy;;;;;
caricature;dirty;filthy;;;;;
species;dirty;filthy;;;;;
lap;dirty;filthy;;;;;
dung;dirty;filthy;;;;;
rest;dirty;filthy;;;;;
motel;dirty;filthy;;;;;
gutter;dirty;filthy;;;;;
smog;dirty;filthy;;;;;
ape;dirty;filthy;;;;;
plant;dirty;filthy;;;;;
latrine;dirty;filthy;;;;;
youth;dirty;filthy;;;;;
god;dirty;filthy;;;;;
squaw;dirty;filthy;;;;;
government;dirty;filthy;;;;;
scrap;dirty;filthy;;;;;
carcass;dirty;filthy;;;;;
gain;dirty;filthy;;;;;
heat;dirty;filthy;;;;;
cream;dirty;filthy;;;;;
coolie;dirty;filthy;;;;;
waterfront;dirty;filthy;;;;;
ashtray;dirty;filthy;;;;;
nursing;dirty;filthy;;;;;
monkey;dirty;filthy;;;;;
pane;dirty;filthy;;;;;
pervert;dirty;filthy;;;;;
receptacle;dirty;filthy;;;;;
courtyard;dirty;filthy;;;;;
temper;dirty;filthy;;;;;
speech;dirty;filthy;;;;;
container;dirty;filthy;;;;;
sense;dirty;filthy;;;;;
slough;dirty;filthy;;;;;
rat;dirty;filthy;;;;;
leather;dirty;filthy;;;;;
wagon;dirty;filthy;;;;;
sin;dirty;filthy;;;;;
sodomite;dirty;filthy;;;;;
villain;dirty;filthy;;;;;
mother;dirty;filthy;;;;;
misery;dirty;filthy;;;;;
idol;dirty;filthy;;;;;
drug;dirty;filthy;;;;;
washbasin;dirty;filthy;;;;;
urchin;dirty;filthy;;;;;
lout;dirty;filthy;;;;;
equipment;dirty;filthy;;;;;
planet;dirty;filthy;;;;;
fox;dirty;filthy;;;;;
grease;dirty;filthy;;;;;
fluff;dirty;filthy;;;;;
greatcoat;dirty;filthy;;;;;
thief;dirty;filthy;;;;;
wigwam;dirty;filthy;;;;;
arab;dirty;filthy;;;;;
army;dirty;filthy;;;;;
shame;dirty;filthy;;;;;
cafe;dirty;filthy;;;;;
liar;dirty;filthy;;;;;
cavern;dirty;filthy;;;;;
garment;dirty;filthy;;;;;
thoroughfare;dirty;filthy;;;;;
sty;dirty;filthy;;;;;
abuse;dirty;filthy;;;;;
tarp;dirty;filthy;;;;;
ship;dirty;filthy;;;;;
shift;dirty;filthy;;;;;
ward;dirty;filthy;;;;;
summer;dirty;filthy;;;;;
treasure;dirty;filthy;;;;;
doorway;dirty;filthy;;;;;
dock;dirty;filthy;;;;;
wealth;dirty;filthy;;;;;
check;dirty;filthy;;;;;
chair;dirty;filthy;;;;;
beret;dirty;filthy;;;;;
wood;dirty;filthy;;;;;
seed;dirty;filthy;;;;;
county;dirty;filthy;;;;;
mood;dirty;filthy;;;;;
cottage;dirty;filthy;;;;;
boot;dirty;filthy;;;;;
tennis;dirty;filthy;;;;;
brick;dirty;filthy;;;;;
necessity;dirty;filthy;;;;;
countenance;dirty;filthy;;;;;
kike;dirty;filthy;;;;;
postcard;dirty;filthy;;;;;
father;dirty;filthy;;;;;
earth;dirty;filthy;;;;;
cunt;dirty;filthy;;;;;
presence;dirty;filthy;;;;;
pride;dirty;filthy;;;;;
brat;dirty;filthy;;;;;
eye;dirty;filthy;;;;;
hen;dirty;filthy;;;;;
enclosure;dirty;filthy;;;;;
washing;dirty;filthy;;;;;
plight;dirty;filthy;;;;;
avenue;dirty;filthy;;;;;
laugh;dirty;filthy;;;;;
taste;dirty;filthy;;;;;
breath;dirty;filthy;;;;;
roof;dirty;filthy;;;;;
parka;dirty;filthy;;;;;
sonofabitch;dirty;filthy;;;;;
junkie;dirty;filthy;;;;;
tangle;dirty;filthy;;;;;
labour;dirty;filthy;;;;;
skunk;dirty;filthy;;;;;
forefinger;dirty;filthy;;;;;
moisture;dirty;filthy;;;;;
crust;dirty;filthy;;;;;
mucus;dirty;filthy;;;;;
stock;dirty;filthy;;;;;
kerchief;dirty;filthy;;;;;
hull;dirty;filthy;;;;;
tea;dirty;filthy;;;;;
liquor;dirty;filthy;;;;;
instrument;dirty;filthy;;;;;
religion;dirty;filthy;;;;;
chamber;dirty;filthy;;;;;
sinner;dirty;filthy;;;;;
friend;dirty;filthy;;;;;
shadow;dirty;filthy;;;;;
level;dirty;filthy;;;;;
atheist;dirty;filthy;;;;;
monk;dirty;filthy;;;;;
fabric;dirty;filthy;;;;;
community;dirty;filthy;;;;;
weed;dirty;filthy;;;;;
chicken;dirty;filthy;;;;;
breed;dirty;filthy;;;;;
raiment;dirty;filthy;;;;;
train;dirty;filthy;;;;;
filth;dirty;filthy;;;;;
racket;dirty;filthy;;;;;
mask;dirty;filthy;;;;;
film;dirty;filthy;;;;;
trap;dirty;filthy;;;;;
flight;dirty;filthy;;;;;
harbour;dirty;filthy;;;;;
hound;dirty;filthy;;;;;
manure;dirty;filthy;;;;;
garret;dirty;filthy;;;;;
crowd;dirty;filthy;;;;;
thumb;dirty;filthy;;;;;
frame;dirty;filthy;;;;;
pleasure;dirty;filthy;;;;;
mutt;dirty;filthy;;;;;
denim;dirty;filthy;;;;;
cur;dirty;filthy;;;;;
spy;dirty;filthy;;;;;
poem;dirty;filthy;;;;;
barrel;dirty;filthy;;;;;
cast;dirty;filthy;;;;;
enemy;dirty;filthy;;;;;
tobacco;dirty;filthy;;;;;
fool;dirty;filthy;;;;;
shelter;dirty;filthy;;;;;
drapery;dirty;filthy;;;;;
pigsty;dirty;filthy;;;;;
prostitute;dirty;filthy;;;;;
climate;dirty;filthy;;;;;
cardboard;dirty;filthy;;;;;
bugger;dirty;filthy;;;;;
gear;dirty;filthy;;;;;
laughter;dirty;filthy;;;;;
race;dirty;filthy;;;;;
smoking;dirty;filthy;;;;;
cargo;dirty;filthy;;;;;
railroad;dirty;filthy;;;;;
wretch;dirty;filthy;;;;;
union;dirty;filthy;;;;;
horse;dirty;filthy;;;;;
bunk;dirty;filthy;;;;;
storm;dirty;filthy;;;;;
marsh;dirty;filthy;;;;;
curse;dirty;filthy;;;;;
behaviour;dirty;filthy;;;;;
theatre;dirty;filthy;;;;;
brother;dirty;filthy;;;;;
meat;dirty;filthy;;;;;
accommodation;dirty;filthy;;;;;
sneakers;dirty;filthy;;;;;
companion;dirty;filthy;;;;;
province;dirty;filthy;;;;;
conspiracy;dirty;filthy;;;;;
sponge;dirty;filthy;;;;;
barnyard;dirty;filthy;;;;;
dunghill;dirty;filthy;;;;;
cock;dirty;filthy;;;;;
sewage;dirty;filthy;;;;;
smile;dirty;filthy;;;;;
outfit;dirty;filthy;;;;;
pipe;dirty;filthy;;;;;
wit;dirty;filthy;;;;;
mug;dirty;filthy;;;;;
boche;dirty;filthy;;;;;
labyrinth;dirty;filthy;;;;;
shawl;dirty;filthy;;;;;
carriage;dirty;filthy;;;;;
press;dirty;filthy;;;;;
spirit;dirty;filthy;;;;;
cloak;dirty;filthy;;;;;
juice;dirty;filthy;;;;;
subway;dirty;filthy;;;;;
saliva;dirty;filthy;;;;;
stink;dirty;filthy;;;;;
dross;dirty;filthy;;;;;
vehicle;dirty;filthy;;;;;
gloom;dirty;filthy;;;;;
everything;dirty;filthy;;;;;
shanty;dirty;filthy;;;;;
pen;dirty;filthy;;;;;
mode;dirty;filthy;;;;;
hay;dirty;filthy;;;;;
frock;dirty;filthy;;;;;
imitation;dirty;filthy;;;;;
doll;dirty;filthy;;;;;
jewess;dirty;filthy;;;;;
dormitory;dirty;filthy;;;;;
hag;dirty;filthy;;;;;
show;dirty;filthy;;;;;
description;dirty;filthy;;;;;
temple;dirty;filthy;;;;;
officer;dirty;filthy;;;;;
phrase;dirty;filthy;;;;;
mining;dirty;filthy;;;;;
suburb;dirty;filthy;;;;;
lucre;dirty;filthy;;;;;
duster;dirty;filthy;;;;;
cobweb;dirty;filthy;;;;;
bog;dirty;filthy;;;;;
murderer;dirty;filthy;;;;;
lace;dirty;filthy;;;;;
colour;dirty;filthy;;;;;
khan;dirty;filthy;;;;;
ash;dirty;filthy;;;;;
atmosphere;dirty;filthy;;;;;
sugar;dirty;filthy;;;;;
guard;dirty;filthy;;;;;
bath;dirty;filthy;;;;;
drinking;dirty;filthy;;;;;
tin;dirty;filthy;;;;;
jungle;dirty;filthy;;;;;
manufacturing;dirty;filthy;;;;;
capital;dirty;filthy;;;;;
hovel;dirty;filthy;;;;;
pair;dirty;filthy;;;;;
snout;dirty;filthy;;;;;
prick;dirty;filthy;;;;;
paris;dirty;filthy;;;;;
brood;dirty;filthy;;;;;
tunnel;dirty;filthy;;;;;
housing;dirty;filthy;;;;;
scoundrel;dirty;filthy;;;;;
cad;dirty;filthy;;;;;
tribe;dirty;filthy;;;;;
chinaman;dirty;filthy;;;;;
strumpet;dirty;filthy;;;;;
nation;dirty;filthy;;;;;
guy;dirty;;messy;dreckig;schmutzig;gryazniy;
activity;dirty;;messy;;schmutzig;gryazniy;
fight;dirty;;messy;;schmutzig;gryazniy;
competition;dirty;;messy;;schmutzig;;
attempt;dirty;;messy;;;gryazniy;
package;dirty;;messy;;;gryazniy;
network;dirty;;messy;;;gryazniy;
calculation;dirty;;messy;;;gryazniy;
step;dirty;;messy;;;gryazniy;
love;dirty;;messy;;;gryazniy;
document;dirty;;messy;;;gryazniy;
background;dirty;;messy;;;gryazniy;
adventure;dirty;;messy;;;gryazniy;
painting;dirty;;messy;;;gryazniy;
notebook;dirty;;messy;;;gryazniy;
election;dirty;;messy;;;;
concept;dirty;;messy;;;;
treatment;dirty;;messy;;;;
change;dirty;;messy;;;;
printing;dirty;;messy;;;;
storage;dirty;;messy;;;;
chocolate;dirty;;messy;;;;
landscape;dirty;;messy;;;;
publicity;dirty;;messy;;;;
tree;dirty;;messy;;;;
stack;dirty;;messy;;;;
ambiguity;dirty;;messy;;;;
circle;dirty;;messy;;;;
text;dirty;;messy;;;;
event;dirty;;messy;;;;
program;dirty;;messy;;;;
science;dirty;;messy;;;;
view;dirty;;messy;;;;
carbon;dirty;;messy;;;;
assemblage;dirty;;messy;;;;
experiment;dirty;;messy;;;;
zone;dirty;;messy;;;;
cut;dirty;;messy;;;;
performance;dirty;;messy;;;;
version;dirty;;messy;;;;
argument;dirty;;messy;;;;
course;dirty;;messy;;;;
model;dirty;;messy;;;;
list;dirty;;messy;;;;
draft;dirty;;messy;;;;
breakfast;dirty;;messy;;;;
tray;dirty;;messy;;;;
conflict;dirty;;messy;;;;
compound;dirty;;messy;;;;
painter;dirty;;messy;;;;
compromise;dirty;;messy;;;;
decision;dirty;;messy;;;;
theory;dirty;;messy;;;;
today;dirty;;messy;;;;
assignment;dirty;;messy;;;;
arena;dirty;;messy;;;;
display;dirty;;messy;;;;
problem;dirty;;messy;;;;
policy;dirty;;messy;;;;
garden;dirty;;messy;;;;
map;dirty;;messy;;;;
lunch;dirty;;messy;;;;
file;dirty;;messy;;;;
year;dirty;;messy;;;;
code;dirty;;messy;;;;
construction;dirty;;messy;;;;
technique;dirty;;messy;;;;
worker;dirty;;messy;;;;
approach;dirty;;messy;;;;
exercise;dirty;;messy;;;;
accident;dirty;;messy;;;;
programming;dirty;;messy;;;;
episode;dirty;;messy;;;;
analysis;dirty;;messy;;;;
information;dirty;;messy;;;;
account;dirty;;messy;;;;
variety;dirty;;messy;;;;
peace;dirty;;messy;;;;
structure;dirty;;messy;;;;
palette;dirty;;messy;;;;
style;dirty;;messy;;;;
wad;dirty;;messy;;;;
question;dirty;;messy;;;;
design;dirty;;messy;;;;
ink;dirty;;messy;;;;
locker;dirty;;messy;;;;
finish;dirty;;messy;;;;
mound;dirty;;messy;;;;
relationship;dirty;;messy;;;;
paste;dirty;;messy;;;;
jumble;dirty;;messy;;;;
classroom;dirty;;messy;;;;
culture;dirty;;messy;;;;
housekeeper;dirty;;messy;;;;
quality;dirty;;messy;;;;
research;dirty;;messy;;;;
fun;dirty;;messy;;;;
effect;dirty;;messy;;;;
braid;dirty;;messy;;;;
implementation;dirty;;messy;;;;
dresser;dirty;;messy;;;;
proceeding;dirty;;messy;;;;
application;dirty;;messy;;;;
clump;dirty;;messy;;;;
copy;dirty;;messy;;;;
amalgam;dirty;;messy;;;;
combination;dirty;;messy;;;;
mix;dirty;;messy;;;;
project;dirty;;messy;;;;
scrawl;dirty;;messy;;;;
battlefield;dirty;;messy;;;;
development;dirty;;messy;;;;
search;dirty;;messy;;;;
break;dirty;;messy;;;;
script;dirty;;messy;;;;
flow;dirty;;messy;;;;
effort;dirty;;messy;;;;
output;dirty;;messy;;;;
squabble;dirty;;messy;;;;
use;dirty;;messy;;;;
topic;dirty;;messy;;;;
enterprise;dirty;;messy;;;;
site;dirty;;messy;;;;
study;dirty;;messy;;;;
pulp;dirty;;messy;;;;
landing;dirty;;messy;;;;
struggle;dirty;;messy;;;;
laboratory;dirty;;messy;;;;
legacy;dirty;;messy;;;;
jew;dirty;;;dreckig;schmutzig;gryazniy;
color;dirty;;;;schmutzig;gryazniy;
motive;dirty;;;;schmutzig;gryazniy;
plan;dirty;;;;schmutzig;gryazniy;
porridge;dirty;;;;schmutzig;;
advantage;dirty;;;;schmutzig;;
miser;dirty;;;;schmutzig;;
float;dirty;;;;schmutzig;;
disc;dirty;;;;schmutzig;;
discoloration;dirty;;;;schmutzig;;
reason;dirty;;;;schmutzig;;
impression;dirty;;;;schmutzig;;
politicking;dirty;;;;;gryazniy;
gun;dirty;;;;;gryazniy;
speculation;dirty;;;;;gryazniy;
highway;dirty;;;;;gryazniy;
edge;dirty;;;;;gryazniy;
hem;dirty;;;;;gryazniy;
knee;dirty;;;;;gryazniy;
drop;dirty;;;;;gryazniy;
dawn;dirty;;;;;gryazniy;
tone;dirty;;;;;gryazniy;
shade;dirty;;;;;gryazniy;
canopy;dirty;;;;;gryazniy;
thumbprint;dirty;;;;;gryazniy;
quay;dirty;;;;;gryazniy;
dirty;;;;;;gryazniy;
maneuver;dirty;;;;;gryazniy;
duck;dirty;;;;;gryazniy;
bear;dirty;;;;;gryazniy;
forehead;dirty;;;;;gryazniy;
basket;dirty;;;;;gryazniy;
pan;dirty;;;;;gryazniy;
flower;dirty;;;;;gryazniy;
gesture;dirty;;;;;gryazniy;
coast;dirty;;;;;gryazniy;
fence;dirty;;;;;gryazniy;
politician;dirty;;;;;gryazniy;
lawyer;dirty;;;;;gryazniy;
cord;dirty;;;;;gryazniy;
limit;dirty;;;;;gryazniy;
superconductor;dirty;;;;;gryazniy;
cop;dirty;;;;;gryazniy;
connection;dirty;;;;;gryazniy;
wheel;dirty;;;;;gryazniy;
gruel;dirty;;;;;gryazniy;
ballast;dirty;;;;;gryazniy;
scab;dirty;;;;;gryazniy;
stool;dirty;;;;;gryazniy;
hood;dirty;;;;;gryazniy;
role;dirty;;;;;gryazniy;
button;dirty;;;;;gryazniy;
udder;dirty;;;;;gryazniy;
flag;dirty;;;;;gryazniy;
banner;dirty;;;;;gryazniy;
shell;dirty;;;;;gryazniy;
cobblestone;dirty;;;;;gryazniy;
butt;dirty;;;;;gryazniy;
knife;dirty;;;;;gryazniy;
threshold;dirty;;;;;gryazniy;
comfort;dirty;;;;;gryazniy;
ear;dirty;;;;;gryazniy;
oilcloth;dirty;;;;;gryazniy;
fist;dirty;;;;;gryazniy;
sill;dirty;;;;;gryazniy;
mistress;dirty;;;;;gryazniy;
coil;dirty;;;;;gryazniy;
bazaar;dirty;;;;;gryazniy;
dance;dirty;;;;;gryazniy;
cover;dirty;;;;;gryazniy;
property;dirty;;;;;gryazniy;
spring;dirty;;;;;gryazniy;
dough;dirty;;;;;gryazniy;
tape;dirty;;;;;gryazniy;
bomb;dirty;;;;;gryazniy;
boiler;dirty;;;;;gryazniy;
log;dirty;;;;;gryazniy;
dishwater;dirty;;;;;gryazniy;
sample;dirty;;;;;gryazniy;
realism;dirty;;;;;gryazniy;
mustache;dirty;;;;;gryazniy;
fork;dirty;;;;;gryazniy;
board;dirty;;;;;gryazniy;
fez;dirty;;;;;gryazniy;
wing;dirty;;;;;gryazniy;
brook;dirty;;;;;gryazniy;
fringe;dirty;;;;;gryazniy;
chalk;dirty;;;;;gryazniy;
mark;dirty;;;;;gryazniy;
technology;dirty;;;;;gryazniy;
porch;dirty;;;;;gryazniy;
twilight;dirty;;;;;gryazniy;
tarpaulin;dirty;;;;;gryazniy;
bar;dirty;;;;;gryazniy;
moscow;dirty;;;;;gryazniy;
trickle;dirty;;;;;gryazniy;
bargaining;dirty;;;;;gryazniy;
heel;dirty;;;;;gryazniy;
spoon;dirty;;;;;gryazniy;
suspicion;dirty;;;;;gryazniy;
feather;dirty;;;;;gryazniy;
doorstep;dirty;;;;;;
hamlet;dirty;;;;;;
john;dirty;;;;;;
buffalo;dirty;;;;;;
pension;dirty;;;;;;
plug;dirty;;;;;;
season;dirty;;;;;;
item;dirty;;;;;;
march;dirty;;;;;;
department;dirty;;;;;;
punk;dirty;;;;;;
pullover;dirty;;;;;;
satin;dirty;;;;;;
thatch;dirty;;;;;;
pie;dirty;;;;;;
divan;dirty;;;;;;
decade;dirty;;;;;;
fleece;dirty;;;;;;
polo;dirty;;;;;;
mackintosh;dirty;;;;;;
underbelly;dirty;;;;;;
slipper;dirty;;;;;;
blackness;dirty;;;;;;
rent;dirty;;;;;;
pun;dirty;;;;;;
manila;dirty;;;;;;
sun;dirty;;;;;;
glare;dirty;;;;;;
dishrag;dirty;;;;;;
pawn;dirty;;;;;;
bracegirdle;dirty;;;;;;
rivulet;dirty;;;;;;
clergyman;dirty;;;;;;
guide;dirty;;;;;;
seawater;dirty;;;;;;
parcel;dirty;;;;;;
d;dirty;;;;;;
daylight;dirty;;;;;;
v;dirty;;;;;;
cuff;dirty;;;;;;
pockethandkerchief;dirty;;;;;;
greaser;dirty;;;;;;
martini;dirty;;;;;;
materialism;dirty;;;;;;
shilling;dirty;;;;;;
beat;dirty;;;;;;
hammock;dirty;;;;;;
hun;dirty;;;;;;
sari;dirty;;;;;;
bronze;dirty;;;;;;
cane;dirty;;;;;;
collier;dirty;;;;;;
tooth;dirty;;;;;;
pallor;dirty;;;;;;
scut;dirty;;;;;;
skunks;dirty;;;;;;
boxer;dirty;;;;;;
crown;dirty;;;;;;
harness;dirty;;;;;;
employment;dirty;;;;;;
bridge;dirty;;;;;;
swindler;dirty;;;;;;
ticket;dirty;;;;;;
slag;dirty;;;;;;
jeep;dirty;;;;;;
fee;dirty;;;;;;
mosquito;dirty;;;;;;
infantry;dirty;;;;;;
dime;dirty;;;;;;
beak;dirty;;;;;;
mischief;dirty;;;;;;
caftan;dirty;;;;;;
tanker;dirty;;;;;;
mouse;dirty;;;;;;
forest;dirty;;;;;;
cabbage;dirty;;;;;;
workman;dirty;;;;;;
sucker;dirty;;;;;;
toga;dirty;;;;;;
exudate;dirty;;;;;;
disk;dirty;;;;;;
ammunition;dirty;;;;;;
scrape;dirty;;;;;;
digging;dirty;;;;;;
bra;dirty;;;;;;
crook;dirty;;;;;;
chin;dirty;;;;;;
poacher;dirty;;;;;;
glow;dirty;;;;;;
player;dirty;;;;;;
runoff;dirty;;;;;;
neon;dirty;;;;;;
runner;dirty;;;;;;
bookshop;dirty;;;;;;
refrigerator;dirty;;;;;;
relay;dirty;;;;;;
cousin;dirty;;;;;;
renegade;dirty;;;;;;
introduction;dirty;;;;;;
undies;dirty;;;;;;
squealer;dirty;;;;;;
tartan;dirty;;;;;;
sandstone;dirty;;;;;;
donkey;dirty;;;;;;
blacksmith;dirty;;;;;;
underclothing;dirty;;;;;;
beam;dirty;;;;;;
expanse;dirty;;;;;;
seam;dirty;;;;;;
stratagem;dirty;;;;;;
speck;dirty;;;;;;
populace;dirty;;;;;;
grocery;dirty;;;;;;
castle;dirty;;;;;;
lady;dirty;;;;;;
ride;dirty;;;;;;
complexion;dirty;;;;;;
metropolis;dirty;;;;;;
softness;dirty;;;;;;
value;dirty;;;;;;
dwarf;dirty;;;;;;
pence;dirty;;;;;;
sailor;dirty;;;;;;
wog;dirty;;;;;;
belt;dirty;;;;;;
windscreen;dirty;;;;;;
portion;dirty;;;;;;
tshirt;dirty;;;;;;
england;dirty;;;;;;
pound;dirty;;;;;;
wife;dirty;;;;;;
database;dirty;;;;;;
varmint;dirty;;;;;;
breast;dirty;;;;;;
tire;dirty;;;;;;
rush;dirty;;;;;;
prostitution;dirty;;;;;;
upholstery;dirty;;;;;;
outline;dirty;;;;;;
bludgeon;dirty;;;;;;
imprint;dirty;;;;;;
nylon;dirty;;;;;;
brow;dirty;;;;;;
border;dirty;;;;;;
reflection;dirty;;;;;;
swing;dirty;;;;;;
bust;dirty;;;;;;
malice;dirty;;;;;;
guitar;dirty;;;;;;
breeze;dirty;;;;;;
clod;dirty;;;;;;
faction;dirty;;;;;;
suitcase;dirty;;;;;;
whelp;dirty;;;;;;
undergarment;dirty;;;;;;
granite;dirty;;;;;;
mail;dirty;;;;;;
campaigning;dirty;;;;;;
dampness;dirty;;;;;;
tube;dirty;;;;;;
wrapping;dirty;;;;;;
b;dirty;;;;;;
inlet;dirty;;;;;;
crepe;dirty;;;;;;
parlour;dirty;;;;;;
kettle;dirty;;;;;;
valley;dirty;;;;;;
wrapper;dirty;;;;;;
causeway;dirty;;;;;;
seersucker;dirty;;;;;;
hydrogen;dirty;;;;;;
substitute;dirty;;;;;;
mush;dirty;;;;;;
stripe;dirty;;;;;;
muffler;dirty;;;;;;
utility;dirty;;;;;;
ingratitude;dirty;;;;;;
testing;dirty;;;;;;
gyp;dirty;;;;;;
calabash;dirty;;;;;;
spalpeen;dirty;;;;;;
angel;dirty;;;;;;
halo;dirty;;;;;;
housecoat;dirty;;;;;;
sail;dirty;;;;;;
sunlight;dirty;;;;;;
maintenance;dirty;;;;;;
coloration;dirty;;;;;;
vinyl;dirty;;;;;;
range;dirty;;;;;;
length;dirty;;;;;;
keffiah;dirty;;;;;;
abrasion;dirty;;;;;;
fuckin;dirty;;;;;;
coolant;dirty;;;;;;
poncho;dirty;;;;;;
catheter;dirty;;;;;;
chuckle;dirty;;;;;;
hearth;dirty;;;;;;
lens;dirty;;;;;;
lung;dirty;;;;;;
petrol;dirty;;;;;;
price;dirty;;;;;;
injection;dirty;;;;;;
pathway;dirty;;;;;;
trading;dirty;;;;;;
polack;dirty;;;;;;
cowl;dirty;;;;;;
pencil;dirty;;;;;;
molasses;dirty;;;;;;
scullion;dirty;;;;;;
educationist;dirty;;;;;;
fort;dirty;;;;;;
treachery;dirty;;;;;;
deuce;dirty;;;;;;
footprint;dirty;;;;;;
glance;dirty;;;;;;
overview;dirty;;;;;;
prairie;dirty;;;;;;
usage;dirty;;;;;;
wake;dirty;;;;;;
assembly;dirty;;;;;;
infighting;dirty;;;;;;
chef;dirty;;;;;;
farmhouse;dirty;;;;;;
turpentine;dirty;;;;;;
tableware;dirty;;;;;;
access;dirty;;;;;;
stucco;dirty;;;;;;
soap;dirty;;;;;;
pillar;dirty;;;;;;
battery;dirty;;;;;;
schooner;dirty;;;;;;
foolscap;dirty;;;;;;
corduroy;dirty;;;;;;
wink;dirty;;;;;;
loafer;dirty;;;;;;
flea;dirty;;;;;;
huddle;dirty;;;;;;
motor;dirty;;;;;;
rim;dirty;;;;;;
gunny;dirty;;;;;;
student;dirty;;;;;;
cobbler;dirty;;;;;;
rubble;dirty;;;;;;
couple;dirty;;;;;;
tack;dirty;;;;;;
duckweed;dirty;;;;;;
knickers;dirty;;;;;;
packet;dirty;;;;;;
hunting;dirty;;;;;;
block;dirty;;;;;;
macaroni;dirty;;;;;;
dawg;dirty;;;;;;
tar;dirty;;;;;;
tick;dirty;;;;;;
togetherness;dirty;;;;;;
windbreaker;dirty;;;;;;
personage;dirty;;;;;;
drift;dirty;;;;;;
waterway;dirty;;;;;;
doublecrosser;dirty;;;;;;
britches;dirty;;;;;;
depot;dirty;;;;;;
nightdress;dirty;;;;;;
anything;dirty;;;;;;
duty;dirty;;;;;;
team;dirty;;;;;;
lamp;dirty;;;;;;
j;dirty;;;;;;
borough;dirty;;;;;;
explanation;dirty;;;;;;
volume;dirty;;;;;;
reservoir;dirty;;;;;;
irishman;dirty;;;;;;
facade;dirty;;;;;;
umbrella;dirty;;;;;;
aquarium;dirty;;;;;;
greek;dirty;;;;;;
wheelbarrow;dirty;;;;;;
surplice;dirty;;;;;;
menu;dirty;;;;;;
parish;dirty;;;;;;
sump;dirty;;;;;;
verse;dirty;;;;;;
windowpane;dirty;;;;;;
label;dirty;;;;;;
forearm;dirty;;;;;;
bedsheet;dirty;;;;;;
moleskin;dirty;;;;;;
scarves;dirty;;;;;;
pickle;dirty;;;;;;
automobile;dirty;;;;;;
occasion;dirty;;;;;;
bedspread;dirty;;;;;;
nursery;dirty;;;;;;
scullery;dirty;;;;;;
smirk;dirty;;;;;;
airplane;dirty;;;;;;
nurse;dirty;;;;;;
scribbler;dirty;;;;;;
dishcloth;dirty;;;;;;
housedress;dirty;;;;;;
turnspit;dirty;;;;;;
whitewash;dirty;;;;;;
raggedness;dirty;;;;;;
gravel;dirty;;;;;;
roller;dirty;;;;;;
medium;dirty;;;;;;
honey;dirty;;;;;;
blackboard;dirty;;;;;;
demagogue;dirty;;;;;;
flue;dirty;;;;;;
ghost;dirty;;;;;;
club;dirty;;;;;;
hue;dirty;;;;;;
comparison;dirty;;;;;;
apparatus;dirty;;;;;;
index;dirty;;;;;;
regime;dirty;;;;;;
smokestack;dirty;;;;;;
duffel;dirty;;;;;;
freighter;dirty;;;;;;
curb;dirty;;;;;;
terminal;dirty;;;;;;
stunt;dirty;;;;;;
toe;dirty;;;;;;
coach;dirty;;;;;;
coverall;dirty;;;;;;
aluminum;dirty;;;;;;
fortune;dirty;;;;;;
salmon;dirty;;;;;;
syringe;dirty;;;;;;
labourer;dirty;;;;;;
poodle;dirty;;;;;;
hemp;dirty;;;;;;
roadway;dirty;;;;;;
bop;dirty;;;;;;
generation;dirty;;;;;;
wedding;dirty;;;;;;
belcher;dirty;;;;;;
dutchman;dirty;;;;;;
typewriter;dirty;;;;;;
posada;dirty;;;;;;
fingerprint;dirty;;;;;;
device;dirty;;;;;;
november;dirty;;;;;;
blackmailer;dirty;;;;;;
ribbon;dirty;;;;;;
slap;dirty;;;;;;
colony;dirty;;;;;;
dick;dirty;;;;;;
machinery;dirty;;;;;;
pouch;dirty;;;;;;
ditty;dirty;;;;;;
newsprint;dirty;;;;;;
poetry;dirty;;;;;;
manger;dirty;;;;;;
cereal;dirty;;;;;;
surgery;dirty;;;;;;
perspective;dirty;;;;;;
ambition;dirty;;;;;;
tomorrow;dirty;;;;;;
photograph;dirty;;;;;;
kimono;dirty;;;;;;
trickster;dirty;;;;;;
vegetable;dirty;;;;;;
sneaker;dirty;;;;;;
bandit;dirty;;;;;;
cache;dirty;;;;;;
t'eef;dirty;;;;;;
ledger;dirty;;;;;;
tug;dirty;;;;;;
mine;dirty;;;;;;
taxi;dirty;;;;;;
transport;dirty;;;;;;
kitten;dirty;;;;;;
snowball;dirty;;;;;;
member;dirty;;;;;;
shred;dirty;;;;;;
elephant;dirty;;;;;;
limerick;dirty;;;;;;
wisp;dirty;;;;;;
soccer;dirty;;;;;;
bomber;dirty;;;;;;
discomfort;dirty;;;;;;
porter;dirty;;;;;;
palace;dirty;;;;;;
panama;dirty;;;;;;
friar;dirty;;;;;;
beau;dirty;;;;;;
tinge;dirty;;;;;;
shelf;dirty;;;;;;
skillet;dirty;;;;;;
lino;dirty;;;;;;
idiot;dirty;;;;;;
carburetor;dirty;;;;;;
doormat;dirty;;;;;;
guerrilla;dirty;;;;;;
coke;dirty;;;;;;
tyrant;dirty;;;;;;
puncture;dirty;;;;;;
pad;dirty;;;;;;
pocketbook;dirty;;;;;;
ore;dirty;;;;;;
puppy;dirty;;;;;;
december;dirty;;;;;;
comforter;dirty;;;;;;
milksop;dirty;;;;;;
haversack;dirty;;;;;;
moustache;dirty;;;;;;
stop;dirty;;;;;;
fuel;dirty;;;;;;
airport;dirty;;;;;;
saddle;dirty;;;;;;
cutlery;dirty;;;;;;
tint;dirty;;;;;;
recording;dirty;;;;;;
varnish;dirty;;;;;;
iceball;dirty;;;;;;
dupe;dirty;;;;;;
consideration;dirty;;;;;;
bathwater;dirty;;;;;;
cauliflower;dirty;;;;;;
journey;dirty;;;;;;
burner;dirty;;;;;;
hackney;dirty;;;;;;
charcoal;dirty;;;;;;
toil;dirty;;;;;;
backside;dirty;;;;;;
dope;dirty;;;;;;
evaporator;dirty;;;;;;
cartridge;dirty;;;;;;
cabal;dirty;;;;;;
assessment;dirty;;;;;;
procession;dirty;;;;;;
enamel;dirty;;;;;;
x;dirty;;;;;;
slovenliness;dirty;;;;;;
campaigner;dirty;;;;;;
tariffication;dirty;;;;;;
shirtsleeve;dirty;;;;;;
fingertip;dirty;;;;;;
filter;dirty;;;;;;
fatigue;dirty;;;;;;
chintz;dirty;;;;;;
bill;dirty;;;;;;
faggot;dirty;;;;;;
position;dirty;;;;;;
ignoramus;dirty;;;;;;
offspring;dirty;;;;;;
dessert;dirty;;;;;;
armchair;dirty;;;;;;
barrow;dirty;;;;;;
mechanic;dirty;;;;;;
drive;dirty;;;;;;
counterpane;dirty;;;;;;
cross;dirty;;;;;;
survey;dirty;;;;;;
stinker;dirty;;;;;;
bonnet;dirty;;;;;;
plank;dirty;;;;;;
tv;dirty;;;;;;
pitcher;dirty;;;;;;
midwife;dirty;;;;;;
journalism;dirty;;;;;;
frog;dirty;;;;;;
skill;dirty;;;;;;
cuss;dirty;;;;;;
barroom;dirty;;;;;;
month;dirty;;;;;;
cafeteria;dirty;;;;;;
velvet;dirty;;;;;;
news;dirty;;;;;;
lookin;dirty;;;;;;
mill;dirty;;;;;;
washcloth;dirty;;;;;;
kit;dirty;;;;;;
saint;dirty;;;;;;
parchment;dirty;;;;;;
bess;dirty;;;;;;
muslin;dirty;;;;;;
spade;dirty;;;;;;
plaza;dirty;;;;;;
thrick;dirty;;;;;;
gym;dirty;;;;;;
processing;dirty;;;;;;
pannikin;dirty;;;;;;
license;dirty;;;;;;
lumber;dirty;;;;;;
buffer;dirty;;;;;;
ladder;dirty;;;;;;
burn;dirty;;;;;;
bib;dirty;;;;;;
drink;dirty;;;;;;
hill;dirty;;;;;;
casting;dirty;;;;;;
location;dirty;;;;;;
american;dirty;;;;;;
radiator;dirty;;;;;;
root;dirty;;;;;;
jug;dirty;;;;;;
jean;dirty;;;;;;
popularity;dirty;;;;;;
cutting;dirty;;;;;;
thrill;dirty;;;;;;
housework;dirty;;;;;;
travel;dirty;;;;;;
hairbrush;dirty;;;;;;
candle;dirty;;;;;;
fighter;dirty;;;;;;
king;dirty;;;;;;
nightcap;dirty;;;;;;
comedy;dirty;;;;;;
backwash;dirty;;;;;;
hickory;dirty;;;;;;
burrow;dirty;;;;;;
errand;dirty;;;;;;
bubble;dirty;;;;;;
hosen;dirty;;;;;;
skull;dirty;;;;;;
rifle;dirty;;;;;;
clot;dirty;;;;;;
utensil;dirty;;;;;;
kaffir;dirty;;;;;;
evaluation;dirty;;;;;;
footwear;dirty;;;;;;
snowbank;dirty;;;;;;
swimming;dirty;;;;;;
waif;dirty;;;;;;
injector;dirty;;;;;;
storefront;dirty;;;;;;
plume;dirty;;;;;;
sheriff;dirty;;;;;;
toothbrush;dirty;;;;;;
rinse;dirty;;;;;;
comrade;dirty;;;;;;
swab;dirty;;;;;;
furnace;dirty;;;;;;
basketball;dirty;;;;;;
statue;dirty;;;;;;
tool;dirty;;;;;;
anarchist;dirty;;;;;;
bulb;dirty;;;;;;
seaport;dirty;;;;;;
poultry;dirty;;;;;;
buck;dirty;;;;;;
cheese;dirty;;;;;;
backpack;dirty;;;;;;
puss;dirty;;;;;;
silverware;dirty;;;;;;
scamp;dirty;;;;;;
neckerchief;dirty;;;;;;
pole;dirty;;;;;;
jelly;dirty;;;;;;
moss;dirty;;;;;;
booth;dirty;;;;;;
hose;dirty;;;;;;
mick;dirty;;;;;;
stoop;dirty;;;;;;
sackcloth;dirty;;;;;;
phase;dirty;;;;;;
crankcase;dirty;;;;;;
anteroom;dirty;;;;;;
bamboo;dirty;;;;;;
jealousy;dirty;;;;;;
trowel;dirty;;;;;;
valve;dirty;;;;;;
doghole;dirty;;;;;;
week;dirty;;;;;;
ford;dirty;;;;;;
wellington;dirty;;;;;;
delivery;dirty;;;;;;
condenser;dirty;;;;;;
magnificence;dirty;;;;;;
glacier;dirty;;;;;;
engineer;dirty;;;;;;
entry;dirty;;;;;;
shot;dirty;;;;;;
uncle;dirty;;;;;;
crop;dirty;;;;;;
crockery;dirty;;;;;;
luggage;dirty;;;;;;
sign;dirty;;;;;;
justice;dirty;;;;;;
pigeon;dirty;;;;;;
bookseller;dirty;;;;;;
balloon;dirty;;;;;;
nozzle;dirty;;;;;;
engagement;dirty;;;;;;
gentleman;dirty;;;;;;
status;dirty;;;;;;
seaweed;dirty;;;;;;
downtown;dirty;;;;;;
cylinder;dirty;;;;;;
r;dirty;;;;;;
killer;dirty;;;;;;
dutch;dirty;;;;;;
liver;dirty;;;;;;
mysticism;dirty;;;;;;
distance;dirty;;;;;;
necktie;dirty;;;;;;
hook;dirty;;;;;;
supper;dirty;;;;;;
policeman;dirty;;;;;;
camouflage;dirty;;;;;;
schoolboy;dirty;;;;;;
gipsy;dirty;;;;;;
candy;dirty;;;;;;
sombrero;dirty;;;;;;
nazi;dirty;;;;;;
glassware;dirty;;;;;;
poker;dirty;;;;;;
kilt;dirty;;;;;;
driver;dirty;;;;;;
tumbler;dirty;;;;;;
pacifier;dirty;;;;;;
tip;dirty;;;;;;
plywood;dirty;;;;;;
fix;dirty;;;;;;
sarong;dirty;;;;;;
collector;dirty;;;;;;
control;dirty;;;;;;
stare;dirty;;;;;;
bosom;dirty;;;;;;
steamboat;dirty;;;;;;
grain;dirty;;;;;;
scalp;dirty;;;;;;
arse;dirty;;;;;;
heating;dirty;;;;;;
bullet;dirty;;;;;;
smartness;dirty;;;;;;
evasion;dirty;;;;;;
shoulder;dirty;;;;;;
goddess;dirty;;;;;;
rig;dirty;;;;;;
hankie;dirty;;;;;;
razor;dirty;;;;;;
chap;dirty;;;;;;
twist;dirty;;;;;;
dublin;dirty;;;;;;
neckcloth;dirty;;;;;;
motherfucker;dirty;;;;;;
attorney;dirty;;;;;;
fireplace;dirty;;;;;;
fucker;dirty;;;;;;
mercury;dirty;;;;;;
pinafore;dirty;;;;;;
petticoat;dirty;;;;;;
allusion;dirty;;;;;;
leaf;dirty;;;;;;
input;dirty;;;;;;
shutdown;dirty;;;;;;
cricket;dirty;;;;;;
pilgrim;dirty;;;;;;
switch;dirty;;;;;;
cake;dirty;;;;;;
batch;dirty;;;;;;
carrot;dirty;;;;;;
lobby;dirty;;;;;;
elevator;dirty;;;;;;
schoolroom;dirty;;;;;;
jilt;dirty;;;;;;
bilge;dirty;;;;;;
glasgow;dirty;;;;;;
globe;dirty;;;;;;
gypsy;dirty;;;;;;
call;dirty;;;;;;
clock;dirty;;;;;;
pickup;dirty;;;;;;
trollop;dirty;;;;;;
paraffin;dirty;;;;;;
backwater;dirty;;;;;;
unit;dirty;;;;;;
stairwell;dirty;;;;;;
goose;dirty;;;;;;
whiteness;dirty;;;;;;
wharf;dirty;;;;;;
eraser;dirty;;;;;;
tactic;dirty;;;;;;
veil;dirty;;;;;;
wop;dirty;;;;;;
flock;dirty;;;;;;
campsite;dirty;;;;;;
apple;dirty;;;;;;
drill;dirty;;;;;;
adobe;dirty;;;;;;
jordan;dirty;;;;;;
suds;dirty;;;;;;
obscurity;dirty;;;;;;
prototype;dirty;;;;;;
pajama;dirty;;;;;;
necrosis;dirty;;;;;;
stubble;dirty;;;;;;
hanky;dirty;;;;;;
thumbnail;dirty;;;;;;
coverlet;dirty;;;;;;
trickery;dirty;;;;;;
giggle;dirty;;;;;;
schlafrock;dirty;;;;;;
tapestry;dirty;;;;;;
measure;dirty;;;;;;
roger;dirty;;;;;;
regimentals;dirty;;;;;;
waistcoat;dirty;;;;;;
review;dirty;;;;;;
artifice;dirty;;;;;;
coif;dirty;;;;;;
frontier;dirty;;;;;;
lingerie;dirty;;;;;;
praise;dirty;;;;;;
jade;dirty;;;;;;
post;dirty;;;;;;
lenin;dirty;;;;;;
leer;dirty;;;;;;
slattern;dirty;;;;;;
hermit;dirty;;;;;;
rue;dirty;;;;;;
protest;dirty;;;;;;
aura;dirty;;;;;;
annuity;dirty;;;;;;
quartz;dirty;;;;;;
fan;dirty;;;;;;
gasoline;dirty;;;;;;
expedition;dirty;;;;;;
parson;dirty;;;;;;
fink;dirty;;;;;;
coyote;dirty;;;;;;
industry;dirty;;;;;;
brass;dirty;;;;;;
parking;dirty;;;;;;
combustion;dirty;;;;;;
shovel;dirty;;;;;;
santa;dirty;;;;;;
golf;dirty;;;;;;
configuration;dirty;;;;;;
afternoon;dirty;;;;;;
lard;dirty;;;;;;
englishman;dirty;;;;;;
daughter;dirty;;;;;;
iceberg;dirty;;;;;;
sunset;dirty;;;;;;
farmer;dirty;;;;;;
training;dirty;;;;;;
windowsill;dirty;;;;;;
wallet;dirty;;;;;;
purse;dirty;;;;;;
dozen;dirty;;;;;;
chemise;dirty;;;;;;
barge;dirty;;;;;;
gallery;dirty;;;;;;
courtroom;dirty;;;;;;
spite;dirty;;;;;;
card;dirty;;;;;;
trenchcoat;dirty;;;;;;
challenge;dirty;;;;;;
chink;dirty;;;;;;
chunk;dirty;;;;;;
knavery;dirty;;;;;;
bow;dirty;;;;;;
combat;dirty;;;;;;
insulation;dirty;;;;;;
cinder;dirty;;;;;;
lad;dirty;;;;;;
vacuum;dirty;;;;;;
rule;dirty;;;;;;
blow;dirty;;;;;;
gamin;dirty;;;;;;
scud;dirty;;;;;;
bob;dirty;;;;;;
sling;dirty;;;;;;
sector;dirty;;;;;;
firewood;dirty;;;;;;
dame;dirty;;;;;;
energy;dirty;;;;;;
slate;dirty;;;;;;
boston;dirty;;;;;;
gateway;dirty;;;;;;
chatter;dirty;;;;;;
needle;dirty;;;;;;
beatnik;dirty;;;;;;
strainer;dirty;;;;;;
ocean;dirty;;;;;;
bacon;dirty;;;;;;
agent;dirty;;;;;;
something;dirty;;;;;;
stinkin;dirty;;;;;;
nuke;dirty;;;;;;
penis;dirty;;;;;;
transaction;dirty;;;;;;
marketplace;dirty;;;;;;
pudding;dirty;;;;;;
roll;dirty;;;;;;
neighbor;dirty;;;;;;
acquaintance;dirty;;;;;;
dialogue;dirty;;;;;;
mustard;dirty;;;;;;
orb;dirty;;;;;;
squad;dirty;;;;;;
brickwork;dirty;;;;;;
summary;dirty;;;;;;
move;dirty;;;;;;
ugliness;dirty;;;;;;
smudge;dirty;;;;;;
screw;dirty;;;;;;
gingham;dirty;;;;;;
playground;dirty;;;;;;
approximation;dirty;;;;;;
secretion;dirty;;;;;;
tallow;dirty;;;;;;
sparrow;dirty;;;;;;
mistreater;dirty;;;;;;
ruff;dirty;;;;;;
diplomacy;dirty;;;;;;
riffraff;dirty;;;;;;
f;dirty;;;;;;
bike;dirty;;;;;;
jar;dirty;;;;;;
lover;dirty;;;;;;
guinea;dirty;;;;;;
theater;dirty;;;;;;
newsboy;dirty;;;;;;
settlement;dirty;;;;;;
serape;dirty;;;;;;
strategy;dirty;;;;;;
snigger;dirty;;;;;;
clothesbasket;dirty;;;;;;
report;dirty;;;;;;
pice;dirty;;;;;;
cravat;dirty;;;;;;
route;dirty;;;;;;
meanness;dirty;;;;;;
fragment;dirty;;;;;;
platter;dirty;;;;;;
currency;dirty;;;;;;
realist;dirty;;;;;;
hunger;dirty;;;;;;
besse;dirty;;;;;;
queue;dirty;;;;;;
cable;dirty;;;;;;
football;dirty;;;;;;
keyboard;dirty;;;;;;
tie;dirty;;;;;;
rap;dirty;;;;;;
swindle;dirty;;;;;;
stetson;dirty;;;;;;
electrode;dirty;;;;;;
advertising;dirty;;;;;;
skullcap;dirty;;;;;;
estimate;dirty;;;;;;
calumny;dirty;;;;;;
wrist;dirty;;;;;;
definition;dirty;;;;;;
laborer;dirty;;;;;;
lawn;dirty;;;;;;
leg;dirty;;;;;;
hoop;dirty;;;;;;
telephone;dirty;;;;;;
beet;dirty;;;;;;
pine;dirty;;;;;;
dancer;dirty;;;;;;
lather;dirty;;;;;;
virtue;dirty;;;;;;
chambermaid;dirty;;;;;;
kleenex;dirty;;;;;;
piazza;dirty;;;;;;
scramble;dirty;;;;;;
jap;dirty;;;;;;
probe;dirty;;;;;;
fag;dirty;;;;;;
sloven;dirty;;;;;;
dishtowel;dirty;;;;;;
tow;dirty;;;;;;
landlady;dirty;;;;;;
tyke;dirty;;;;;;
column;dirty;;;;;;
customer;dirty;;;;;;
bolshevik;dirty;;;;;;
jack;dirty;;;;;;
drudge;dirty;;;;;;
mex;dirty;;;;;;
redskin;dirty;;;;;;
perch;dirty;;;;;;
mac;dirty;;;;;;
toy;dirty;;;;;;
cocksucker;dirty;;;;;;
growth;dirty;;;;;;
trip;dirty;;;;;;
furniture;dirty;;;;;;
youngster;dirty;;;;;;
pepper;dirty;;;;;;
warfare;dirty;;;;;;
test;dirty;;;;;;
sweep;dirty;;;;;;
guardroom;dirty;;;;;;
gum;dirty;;;;;;
miner;dirty;;;;;;
china;dirty;;;;;;
bay;dirty;;;;;;
lantern;dirty;;;;;;
cavity;dirty;;;;;;
fisherman;dirty;;;;;;
turn;dirty;;;;;;
egg;dirty;;;;;;
toothpick;dirty;;;;;;
hardwood;dirty;;;;;;
administration;dirty;;;;;;
intelligence;dirty;;;;;;
maid;dirty;;;;;;
silence;dirty;;;;;;
teddy;dirty;;;;;;
penny;dirty;;;;;;
waiter;dirty;;;;;;
pastime;dirty;;;;;;
commutator;dirty;;;;;;
grub;dirty;;;;;;
sash;dirty;;;;;;
dogskin;dirty;;;;;;
teacup;dirty;;;;;;
flame;dirty;;;;;;
commodity;dirty;;;;;;
cheater;dirty;;;;;;
number;dirty;;;;;;
helmet;dirty;;;;;;
fuzz;dirty;;;;;;
membrane;dirty;;;;;;
pall;dirty;;;;;;
limestone;dirty;;;;;;
rail;dirty;;;;;;
saucer;dirty;;;;;;
ankle;dirty;;;;;;
fuck;dirty;;;;;;
tissue;dirty;;;;;;
serum;dirty;;;;;;
underside;dirty;;;;;;
cowboy;dirty;;;;;;
streak;dirty;;;;;;
tradesman;dirty;;;;;;
urine;dirty;;;;;;
missouri;dirty;;;;;;
thread;dirty;;;;;;
corn;dirty;;;;;;
moon;dirty;;;;;;
point;dirty;;;;;;
pier;dirty;;;;;;
casement;dirty;;;;;;
grate;dirty;;;;;;
distributor;dirty;;;;;;
washrag;dirty;;;;;;
carpeting;dirty;;;;;;
hoof;dirty;;;;;;
park;dirty;;;;;;
tonight;dirty;;;;;;
rind;dirty;;;;;;
fishing;dirty;;;;;;
petroleum;dirty;;;;;;
tights;dirty;;;;;;
negro;dirty;;;;;;
levi;dirty;;;;;;
spaniard;dirty;;;;;;
ring;dirty;;;;;;
mortar;dirty;;;;;;
message;dirty;;;;;;
informer;dirty;;;;;;
rectum;dirty;;;;;;
cistern;dirty;;;;;;
church;dirty;;;;;;
immigrant;dirty;;;;;;
graft;dirty;;;;;;
undershorts;dirty;;;;;;
bye;dirty;;;;;;
jumper;dirty;;;;;;
answer;dirty;;;;;;
deerskin;dirty;;;;;;
ulcer;dirty;;;;;;
plumage;dirty;;;;;;
lint;dirty;;;;;;
asshole;dirty;;;;;;
warrior;dirty;;;;;;
drizzle;dirty;;;;;;
splendor;dirty;;;;;;
yarn;dirty;;;;;;
saucepan;dirty;;;;;;
flour;dirty;;;;;;
ol;dirty;;;;;;
sexuality;dirty;;;;;;
mexican;dirty;;;;;;
hockey;dirty;;;;;;
blade;dirty;;;;;;
kerosene;dirty;;;;;;
intake;dirty;;;;;;
suede;dirty;;;;;;
captain;dirty;;;;;;
matrix;dirty;;;;;;
grout;dirty;;;;;;
buffoon;dirty;;;;;;
vestibule;dirty;;;;;;
guest;dirty;;;;;;
dealer;dirty;;;;;;
dago;dirty;;;;;;
dairy;dirty;;;;;;
sulphur;dirty;;;;;;
snowdrift;dirty;;;;;;
knapsack;dirty;;;;;;
college;dirty;;;;;;
splendour;dirty;;;;;;
rotter;dirty;;;;;;
cupboard;dirty;;;;;;
floodwater;dirty;;;;;;
stab;dirty;;;;;;
ruin;dirty;;;;;;
weekend;dirty;;;;;;
shingle;dirty;;;;;;
twine;dirty;;;;;;
wheat;dirty;;;;;;
fantasy;dirty;;;;;;
cardigan;dirty;;;;;;
connotation;dirty;;;;;;
surplus;dirty;;;;;;
shopping;dirty;;;;;;
splinter;dirty;;;;;;
wire;dirty;;;;;;
register;dirty;;;;;;
wrap;dirty;;;;;;
bookstore;dirty;;;;;;
elbow;dirty;;;;;;
rectangle;dirty;;;;;;
slide;dirty;;;;;;
barber;dirty;;;;;;
muzhik;dirty;;;;;;
potato;dirty;;;;;;
eel;dirty;;;;;;
diamond;dirty;;;;;;
robber;dirty;;;;;;
supply;dirty;;;;;;
mission;dirty;;;;;;
swamp;;filthy;messy;;schmutzig;gryazniy;
order;;filthy;messy;;;gryazniy;
sink;;filthy;messy;;;gryazniy;
litter;;filthy;messy;;;gryazniy;
play;;filthy;messy;;;gryazniy;
dining;;filthy;messy;;;gryazniy;
look;;filthy;messy;;;gryazniy;
prospect;;filthy;messy;;;;
representation;;filthy;messy;;;;
disarray;;filthy;messy;;;;
feeling;;filthy;messy;;;;
moment;;filthy;messy;;;;
concoction;;filthy;messy;;;;
proposition;;filthy;messy;;;;
accumulation;;filthy;messy;;;;
maze;;filthy;messy;;;;
assortment;;filthy;messy;;;;
stew;;filthy;messy;;;;
feeding;;filthy;messy;;;;
stall;;filthy;;;schmutzig;;
rite;;filthy;;;schmutzig;;
vulgarity;;filthy;;;;gryazniy;
brew;;filthy;;;;gryazniy;
disgrace;;filthy;;;;gryazniy;
matting;;filthy;;;;gryazniy;
gold;;filthy;;;;gryazniy;
accusation;;filthy;;;;gryazniy;
abyss;;filthy;;;;gryazniy;
debauchery;;filthy;;;;gryazniy;
curtain;;filthy;;;;gryazniy;
dugout;;filthy;;;;gryazniy;
corruption;;filthy;;;;gryazniy;
parody;;filthy;;;;gryazniy;
dump;;filthy;;;;gryazniy;
cynicism;;filthy;;;;gryazniy;
nakedness;;filthy;;;;;
hyena;;filthy;;;;;
glutton;;filthy;;;;;
brain;;filthy;;;;;
sinne;;filthy;;;;;
adultery;;filthy;;;;;
quest;;filthy;;;;;
pork;;filthy;;;;;
wretchedness;;filthy;;;;;
blasphemy;;filthy;;;;;
sensuality;;filthy;;;;;
decoction;;filthy;;;;;
democrat;;filthy;;;;;
mcnasty;;filthy;;;;;
nightmare;;filthy;;;;;
minuteness;;filthy;;;;;
intercourse;;filthy;;;;;
indolence;;filthy;;;;;
weaver;;filthy;;;;;
invention;;filthy;;;;;
horde;;filthy;;;;;
scumbag;;filthy;;;;;
altar;;filthy;;;;;
burden;;filthy;;;;;
tatterdemalion;;filthy;;;;;
degradation;;filthy;;;;;
novelty;;filthy;;;;;
plague;;filthy;;;;;
grime;;filthy;;;;;
warren;;filthy;;;;;
contamination;;filthy;;;;;
sneak;;filthy;;;;;
obscenity;;filthy;;;;;
stockade;;filthy;;;;;
perversion;;filthy;;;;;
cowyard;;filthy;;;;;
gore;;filthy;;;;;
jargon;;filthy;;;;;
drunkennesse;;filthy;;;;;
commerce;;filthy;;;;;
vocabulary;;filthy;;;;;
embarkation;;filthy;;;;;
infamy;;filthy;;;;;
savour;;filthy;;;;;
carnality;;filthy;;;;;
ordure;;filthy;;;;;
deity;;filthy;;;;;
demon;;filthy;;;;;
offal;;filthy;;;;;
defilement;;filthy;;;;;
multitude;;filthy;;;;;
humour;;filthy;;;;;
excuse;;filthy;;;;;
vomit;;filthy;;;;;
horror;;filthy;;;;;
abortion;;filthy;;;;;
pollution;;filthy;;;;;
lodging;;filthy;;;;;
sword;;filthy;;;;;
publication;;filthy;;;;;
caravanserai;;filthy;;;;;
sleeping;;filthy;;;;;
dreamer;;filthy;;;;;
gaol;;filthy;;;;;
exhibition;;filthy;;;;;
folly;;filthy;;;;;
pornography;;filthy;;;;;
headache;;filthy;;;;;
composition;;filthy;;;;;
fornication;;filthy;;;;;
lair;;filthy;;;;;
motion;;filthy;;;;;
statement;;filthy;;;;;
doctrine;;filthy;;;;;
circumstance;;filthy;;;;;
swill;;filthy;;;;;
fiend;;filthy;;;;;
prebendary;;filthy;;;;;
banquet;;filthy;;;;;
sepulchre;;filthy;;;;;
moat;;filthy;;;;;
witness;;filthy;;;;;
grog;;filthy;;;;;
repast;;filthy;;;;;
institution;;filthy;;;;;
cruelty;;filthy;;;;;
spawn;;filthy;;;;;
crib;;filthy;;;;;
vulture;;filthy;;;;;
satyr;;filthy;;;;;
rum;;filthy;;;;;
lucker;;filthy;;;;;
jerusalem;;filthy;;;;;
paunch;;filthy;;;;;
oath;;filthy;;;;;
righteousness;;filthy;;;;;
natta;;filthy;;;;;
vapor;;filthy;;;;;
eloquence;;filthy;;;;;
debauchee;;filthy;;;;;
creation;;filthy;;;;;
adulterer;;filthy;;;;;
association;;filthy;;;;;
luxury;;filthy;;;;;
hide;;filthy;;;;;
ribaldry;;filthy;;;;;
maw;;filthy;;;;;
infection;;filthy;;;;;
buzzard;;filthy;;;;;
mudhole;;filthy;;;;;
baboon;;filthy;;;;;
drunkenness;;filthy;;;;;
abomination;;filthy;;;;;
leprosy;;filthy;;;;;
merchandise;;filthy;;;;;
physic;;filthy;;;;;
mammon;;filthy;;;;;
passageway;;filthy;;;;;
indulgence;;filthy;;;;;
gratification;;filthy;;;;;
pest;;filthy;;;;;
rebel;;filthy;;;;;
promiscuity;;filthy;;;;;
fray;;filthy;;;;;
lioness;;filthy;;;;;
lecher;;filthy;;;;;
epithet;;filthy;;;;;
wilderness;;filthy;;;;;
invader;;filthy;;;;;
superstition;;filthy;;;;;
phonograph;;filthy;;;;;
concentration;;filthy;;;;;
dalliance;;filthy;;;;;
clown;;filthy;;;;;
enactment;;filthy;;;;;
lewdness;;filthy;;;;;
mate;;filthy;;;;;
curiosity;;filthy;;;;;
shallop;;filthy;;;;;
chrysalis;;filthy;;;;;
flattery;;filthy;;;;;
taint;;filthy;;;;;
vapour;;filthy;;;;;
rage;;filthy;;;;;
cauldron;;filthy;;;;;
lechery;;filthy;;;;;
idolatry;;filthy;;;;;
indecency;;filthy;;;;;
sanitation;;filthy;;;;;
sodom;;filthy;;;;;
falsehood;;filthy;;;;;
embrace;;filthy;;;;;
tom;;filthy;;;;;
simile;;filthy;;;;;
slug;;filthy;;;;;
ignorance;;filthy;;;;;
philosophy;;filthy;;;;;
disposition;;filthy;;;;;
boulevard;;filthy;;;;;
pitch;;filthy;;;;;
doggerel;;filthy;;;;;
progeny;;filthy;;;;;
bloud;;filthy;;;;;
ooze;;filthy;;;;;
storyteller;;filthy;;;;;
cheat;;filthy;;;;;
slaughter;;filthy;;;;;
odour;;filthy;;;;;
deer;;filthy;;;;;
annoyance;;filthy;;;;;
kaross;;filthy;;;;;
cigar;;filthy;;;;;
scald;;filthy;;;;;
debauch;;filthy;;;;;
appetite;;filthy;;;;;
uncleanness;;filthy;;;;;
mozart;;filthy;;;;;
shape;;filthy;;;;;
ease;;filthy;;;;;
ballad;;filthy;;;;;
fornicator;;filthy;;;;;
desolation;;filthy;;;;;
opium;;filthy;;;;;
mystery;;filthy;;;;;
vituperation;;filthy;;;;;
leper;;filthy;;;;;
hellhole;;filthy;;;;;
coxcomb;;filthy;;;;;
amalgamation;;filthy;;;;;
note;;filthy;;;;;
solitude;;filthy;;;;;
bedding;;filthy;;;;;
communication;;filthy;;;;;
venom;;filthy;;;;;
covetousness;;filthy;;;;;
licentiousness;;filthy;;;;;
parbreake;;filthy;;;;;
maggot;;filthy;;;;;
cocytus;;filthy;;;;;
daemon;;filthy;;;;;
cubicle;;filthy;;;;;
fleet;;filthy;;;;;
hope;;filthy;;;;;
carrion;;filthy;;;;;
brothel;;filthy;;;;;
standing;;filthy;;;;;
avarice;;filthy;;;;;
loquacity;;filthy;;;;;
discourse;;filthy;;;;;
beverage;;filthy;;;;;
potion;;filthy;;;;;
carcase;;filthy;;;;;
fry;;filthy;;;;;
leech;;filthy;;;;;
contagion;;filthy;;;;;
prey;;filthy;;;;;
mesh;;filthy;;;;;
presidentiad;;filthy;;;;;
heresy;;filthy;;;;;
serpent;;filthy;;;;;
scarecrow;;filthy;;;;;
amusement;;filthy;;;;;
sect;;filthy;;;;;
custom;;filthy;;;;;
troop;;filthy;;;;;
spittle;;filthy;;;;;
detention;;filthy;;;;;
concubinage;;filthy;;;;;
concupiscence;;filthy;;;;;
disguise;;filthy;;;;;
affection;;filthy;;;;;
excrement;;filthy;;;;;
ceremony;;filthy;;;;;
revolution;;;messy;;schmutzig;;
kiss;;;messy;;;gryazniy;
knot;;;messy;;;gryazniy;
pile;;;messy;;;gryazniy;
departure;;;messy;;;;
succession;;;messy;;;;
melange;;;messy;;;;
paperwork;;;messy;;;;
flux;;;messy;;;;
roommate;;;messy;;;;
dispute;;;messy;;;;
makeup;;;messy;;;;
cleanup;;;messy;;;;
disorderliness;;;messy;;;;
tax;;;messy;;;;
blend;;;messy;;;;
democracy;;;messy;;;;
separation;;;messy;;;;
drawer;;;messy;;;;
realm;;;messy;;;;
math;;;messy;;;;
entanglement;;;messy;;;;
chart;;;messy;;;;
blob;;;messy;;;;
goo;;;messy;;;;
topknot;;;messy;;;;
option;;;messy;;;;
eater;;;messy;;;;
involvement;;;messy;;;;
blur;;;messy;;;;
confrontation;;;messy;;;;
terrain;;;messy;;;;
splash;;;messy;;;;
glob;;;messy;;;;
syntax;;;messy;;;;
glue;;;messy;;;;
dorm;;;messy;;;;
transition;;;messy;;;;
collage;;;messy;;;;
hodgepodge;;;messy;;;;
inconvenience;;;messy;;;;
subjectivity;;;messy;;;;
physicality;;;messy;;;;
center;;;messy;;;;
phenomenon;;;messy;;;;
estate;;;messy;;;;
hairdo;;;messy;;;;
diversity;;;messy;;;;
sauce;;;messy;;;;
glory;;;messy;;;;
predicament;;;messy;;;;
management;;;messy;;;;
sprawl;;;messy;;;;
heterogeneity;;;messy;;;;
teenager;;;messy;;;;
bookkeeping;;;messy;;;;
ordeal;;;messy;;;;
demise;;;messy;;;;
debate;;;messy;;;;
ponytail;;;messy;;;;
start;;;messy;;;;
disaster;;;messy;;;;
breakup;;;messy;;;;
diagram;;;messy;;;;
series;;;messy;;;;
unpredictability;;;messy;;;;
handwriting;;;messy;;;;
bun;;;messy;;;;
period;;;messy;;;;
scribble;;;messy;;;;
computer;;;messy;;;;
domain;;;messy;;;;
spill;;;messy;;;;
triangle;;;messy;;;;
conclusion;;;messy;;;;
territory;;;messy;;;;
failure;;;messy;;;;
equation;;;messy;;;;
explosion;;;messy;;;;
interaction;;;messy;;;;
organization;;;messy;;;;
controversy;;;messy;;;;
suicide;;;messy;;;;
context;;;messy;;;;
interplay;;;messy;;;;
pluralism;;;messy;;;;
drama;;;messy;;;;
hobby;;;messy;;;;
violence;;;messy;;;;
bite;;;messy;;;;
mathematics;;;messy;;;;
gash;;;messy;;;;
endeavor;;;messy;;;;
kill;;;messy;;;;
encounter;;;messy;;;;
housekeeping;;;messy;;;;
vitality;;;messy;;;;
pattern;;;messy;;;;
particularity;;;messy;;;;
uncertainty;;;messy;;;;
complication;;;messy;;;;
universe;;;messy;;;;
issue;;;messy;;;;
fall;;;messy;;;;
actuality;;;messy;;;;
aftermath;;;messy;;;;
litigation;;;messy;;;;
artist;;;messy;;;;
correction;;;messy;;;;
spirituality;;;messy;;;;
collapse;;;messy;;;;
materiality;;;messy;;;;
custody;;;messy;;;;
accounting;;;messy;;;;
emotion;;;messy;;;;
discussion;;;messy;;;;
array;;;messy;;;;
bachelor;;;messy;;;;
trial;;;messy;;;;
bowel;;;messy;;;;
multiplicity;;;messy;;;;
mistake;;;messy;;;;
birth;;;messy;;;;
emotionalism;;;messy;;;;
complexity;;;messy;;;;
notion;;;messy;;;;
logic;;;messy;;;;
sandwich;;;messy;;;;
outcome;;;messy;;;;
formula;;;messy;;;;
trouble;;;messy;;;;
desktop;;;messy;;;;
interference;;;messy;;;;
execution;;;messy;;;;
conglomeration;;;messy;;;;
incident;;;messy;;;;
collision;;;messy;;;;
arrangement;;;messy;;;;
investigation;;;messy;;;;
lawsuit;;;messy;;;;
contingency;;;messy;;;;
result;;;messy;;;;
typescript;;;messy;;;;
saga;;;messy;;;;
exit;;;messy;;;;
presentation;;;messy;;;;
algebra;;;messy;;;;
dishes;;;;dreckig;schmutzig;gryazniy;
nail;;;;dreckig;schmutzig;;
straw;;;;;schmutzig;gryazniy;
stairs;;;;;schmutzig;gryazniy;
boots;;;;;schmutzig;gryazniy;
animal;;;;;schmutzig;gryazniy;
people;;;;;schmutzig;gryazniy;
clothes;;;;;schmutzig;gryazniy;
content;;;;;schmutzig;gryazniy;
politics;;;;;schmutzig;gryazniy;
pants;;;;;schmutzig;gryazniy;
secret;;;;;schmutzig;gryazniy;
liquid;;;;;schmutzig;;
usa;;;;;schmutzig;;
streets;;;;;schmutzig;;
texture;;;;;schmutzig;;
handel;;;;;schmutzig;;
spots;;;;;schmutzig;;
waters;;;;;schmutzig;;
coloring;;;;;schmutzig;;
self-interest;;;;;schmutzig;;
bach;;;;;schmutzig;;
parlor;;;;;schmutzig;;
details;;;;;schmutzig;;
saying;;;;;schmutzig;;
past;;;;;schmutzig;;
electricity;;;;;schmutzig;;
abusive;;;;;schmutzig;;
thursday;;;;;schmutzig;;
feet;;;;;schmutzig;;
riff-raff;;;;;schmutzig;;
lake|sheets;;;;;schmutzig;;
plates;;;;;schmutzig;;
machination;;;;;schmutzig;;
feud;;;;;;gryazniy;
paclite;;;;;;gryazniy;
wasteland;;;;;;gryazniy;
tentacle;;;;;;gryazniy;
autumn;;;;;;gryazniy;
stinginess;;;;;;gryazniy;
weapons;;;;;;gryazniy;
stained;;;;;;gryazniy;
personality;;;;;;gryazniy;
mordvinians;;;;;;gryazniy;
spitting;;;;;;gryazniy;
pagode;;;;;;gryazniy;
doubt;;;;;;gryazniy;
bristles;;;;;;gryazniy;
paws;;;;;;gryazniy;
mat;;;;;;gryazniy;
sharpness;;;;;;gryazniy;
rub;;;;;;gryazniy;
drip;;;;;;gryazniy;
eyes;;;;;;gryazniy;
counter;;;;;;gryazniy;
floorboard;;;;;;gryazniy;
plexus;;;;;;gryazniy;
shed;;;;;;gryazniy;
coaching;;;;;;gryazniy;
moore;;;;;;gryazniy;
calving;;;;;;gryazniy;
mostowy;;;;;;gryazniy;
colonel;;;;;;gryazniy;
businessman;;;;;;gryazniy;
rob;;;;;;gryazniy;
thought;;;;;;gryazniy;
good;;;;;;gryazniy;
orgy;;;;;;gryazniy;
scraps;;;;;;gryazniy;
trousers;;;;;;gryazniy;
vanity;;;;;;gryazniy;
hollow;;;;;;gryazniy;
cars;;;;;;gryazniy;
intention;;;;;;gryazniy;
condition:;;;;;;gryazniy;
schemer;;;;;;gryazniy;
thug;;;;;;gryazniy;
heads;;;;;;gryazniy;
ears;;;;;;gryazniy;
barack;;;;;;gryazniy;
scales;;;;;;gryazniy;
fluid;;;;;;gryazniy;
deeds;;;;;;gryazniy;
scam;;;;;;gryazniy;
bastard;;;;;;gryazniy;
betrayal;;;;;;gryazniy;
assumption;;;;;;gryazniy;
provocation;;;;;;gryazniy;
bast;;;;;;gryazniy;
gates;;;;;;gryazniy;
pecs;;;;;;gryazniy;
cards;;;;;;gryazniy;
flakes;;;;;;gryazniy;
down;;;;;;gryazniy;
cubbyhole;;;;;;gryazniy;
cranny;;;;;;gryazniy;
weight;;;;;;gryazniy;
flyer;;;;;;gryazniy;
put;;;;;;gryazniy;
chickens;;;;;;gryazniy;
strait;;;;;;gryazniy;
marina;;;;;;gryazniy;
hooker;;;;;;gryazniy;
slanderer;;;;;;gryazniy;
carrier;;;;;;gryazniy;
black;;;;;;gryazniy;
crock;;;;;;gryazniy;
mirror;;;;;;gryazniy;
lik;;;;;;gryazniy;
potatoes;;;;;;gryazniy;
kulachenko;;;;;;gryazniy;
caf;;;;;;gryazniy;
jerk;;;;;;gryazniy;
edition;;;;;;gryazniy;
beetle-crusher;;;;;;gryazniy;
singer;;;;;;gryazniy;
bruise;;;;;;gryazniy;
byla;;;;;;gryazniy;
dig;;;;;;gryazniy;
undercollar;;;;;;gryazniy;
frost;;;;;;gryazniy;
tina;;;;;;gryazniy;
strand;;;;;;gryazniy;
costit;;;;;;gryazniy;
pictures;;;;;;gryazniy;
stoke;;;;;;gryazniy;
specialty;;;;;;gryazniy;
duds;;;;;;gryazniy;
barbarian;;;;;;gryazniy;
bint;;;;;;gryazniy;
paul;;;;;;gryazniy;
flophouse;;;;;;gryazniy;
disgusting;;;;;;gryazniy;
romp;;;;;;gryazniy;
drum;;;;;;gryazniy;
cam;;;;;;gryazniy;
disappear;;;;;;gryazniy;
ravine;;;;;;gryazniy;
practices;;;;;;gryazniy;
actors;;;;;;gryazniy;
walls;;;;;;gryazniy;
russian;;;;;;gryazniy;
machinations;;;;;;gryazniy;
byle;;;;;;gryazniy;
insides;;;;;;gryazniy;
volcano;;;;;;gryazniy;
bourgeoisie;;;;;;gryazniy;
drawers;;;;;;gryazniy;
condensate;;;;;;gryazniy;
positivity;;;;;;gryazniy;
inside;;;;;;gryazniy;
mike;;;;;;gryazniy;
contract;;;;;;gryazniy;
shamelessness;;;;;;gryazniy;
shoes;;;;;;gryazniy;
guys;;;;;;gryazniy;
handle;;;;;;gryazniy;
onuc;;;;;;gryazniy;
leda;;;;;;gryazniy;
nipple;;;;;;gryazniy;
foliage;;;;;;gryazniy;
clericalism;;;;;;gryazniy;
fabrication;;;;;;gryazniy;
who;;;;;;gryazniy;
slope;;;;;;gryazniy;
spodni;;;;;;gryazniy;
uniform;;;;;;gryazniy;
flap;;;;;;gryazniy;
jeans;;;;;;gryazniy;
boozer;;;;;;gryazniy;
need;;;;;;gryazniy;
yam;;;;;;gryazniy;
com;;;;;;gryazniy;
offer;;;;;;gryazniy;
rags;;;;;;gryazniy;
bivouac;;;;;;gryazniy;
lanes;;;;;;gryazniy;
frozen;;;;;;gryazniy;
redd;;;;;;gryazniy;
attacks;;;;;;gryazniy;
master;;;;;;gryazniy;
front;;;;;;gryazniy;
belle;;;;;;gryazniy;
boxcar;;;;;;gryazniy;
degenerate;;;;;;gryazniy;
dike;;;;;;gryazniy;
pussy;;;;;;gryazniy;
become;;;;;;gryazniy;
ul;;;;;;gryazniy;
kitenka;;;;;;gryazniy;
jackboot;;;;;;gryazniy;
harry;;;;;;gryazniy;
tear;;;;;;gryazniy;
jet;;;;;;gryazniy;
light;;;;;;gryazniy;
harassment;;;;;;gryazniy;
instinct;;;;;;gryazniy;
bottom;;;;;;gryazniy;
ideal;;;;;;gryazniy;
tail;;;;;;gryazniy;
uniforms;;;;;;gryazniy;
lining;;;;;;gryazniy;
shaft;;;;;;gryazniy;
hoodie;;;;;;gryazniy;
fake;;;;;;gryazniy;
cattle;;;;;;gryazniy;
d'lo;;;;;;gryazniy;
swearing;;;;;;gryazniy;
salavat;;;;;;gryazniy;
crease;;;;;;gryazniy;
lip;;;;;;gryazniy;
anarchy;;;;;;gryazniy;
hint;;;;;;gryazniy;
interpretation;;;;;;gryazniy;
senya;;;;;;gryazniy;
thoughts;;;;;;gryazniy;
last;;;;;;gryazniy;
servility;;;;;;gryazniy;
humiliation;;;;;;gryazniy;
starve;;;;;;gryazniy;
armenian;;;;;;gryazniy;
tuft;;;;;;gryazniy;
lampoon;;;;;;gryazniy;
felt;;;;;;gryazniy;
samovar;;;;;;gryazniy;
prophetic;;;;;;gryazniy;
nar;;;;;;gryazniy;
stocking;;;;;;gryazniy;
gut;;;;;;gryazniy;
mitten;;;;;;gryazniy;
kosma;;;;;;gryazniy;
jackal;;;;;;gryazniy;
thaw;;;;;;gryazniy;
camera;;;;;;gryazniy;
rascal;;;;;;gryazniy;
soldiers;;;;;;gryazniy;
overalls;;;;;;gryazniy;
footcloths;;;;;;gryazniy;
half;;;;;;gryazniy;
icicle;;;;;;gryazniy;
numer;;;;;;gryazniy;
goal;;;;;;gryazniy;
anonymous;;;;;;gryazniy;
hlebushek;;;;;;gryazniy;
chase;;;;;;gryazniy;
parsimony;;;;;;gryazniy;
costume;;;;;;gryazniy;
means;;;;;;gryazniy;
yurt;;;;;;gryazniy;
taz;;;;;;gryazniy;
chip;;;;;;gryazniy;
soles;;;;;;gryazniy;
cynic;;;;;;gryazniy;
often;;;;;;gryazniy;
fingers;;;;;;gryazniy;
cuffs;;;;;;gryazniy;
hug;;;;;;gryazniy;
fat;;;;;;gryazniy;
weave;;;;;;gryazniy;
plaque;;;;;;gryazniy;
distress;;;;;;gryazniy;
owner;;;;;;gryazniy;
wat;;;;;;gryazniy;
galoshes;;;;;;gryazniy;
kids;;;;;;gryazniy;
subject;;;;;;gryazniy;
cork;;;;;;gryazniy;
tails;;;;;;gryazniy;
hold;;;;;;gryazniy;
solakivi;;;;;;gryazniy;
