1;None;laundry;dirty;filthy;messy;dreckig;schmutzig;gryazniy
1;None;hand;dirty;filthy;messy;dreckig;schmutzig;gryazniy
1;None;city;dirty;filthy;messy;dreckig;schmutzig;gryazniy
1;None;road;dirty;filthy;messy;dreckig;schmutzig;gryazniy
1;None;floor;dirty;filthy;messy;dreckig;schmutzig;gryazniy
1;None;business;dirty;filthy;messy;dreckig;schmutzig;gryazniy
1;None;work;dirty;filthy;messy;dreckig;schmutzig;gryazniy
2;animal;dog;dirty;filthy;messy;dreckig;;gryazniy
3;artifact;puddle;dirty;filthy;messy;;schmutzig;gryazniy
3;artifact;environment;dirty;filthy;messy;;schmutzig;gryazniy
3;artifact;language;dirty;filthy;messy;;schmutzig;gryazniy
3;artifact;blood;dirty;filthy;messy;;schmutzig;gryazniy
3;artifact;cloth;dirty;filthy;messy;;schmutzig;gryazniy
3;artifact;face;dirty;filthy;messy;;schmutzig;gryazniy
3;artifact;town;dirty;filthy;messy;;schmutzig;gryazniy
3;artifact;ball;dirty;filthy;messy;;schmutzig;gryazniy
3;artifact;body;dirty;filthy;messy;;schmutzig;gryazniy
3;artifact;paper;dirty;filthy;messy;;schmutzig;gryazniy
3;artifact;house;dirty;filthy;messy;;schmutzig;gryazniy
3;artifact;sand;dirty;filthy;messy;;schmutzig;gryazniy
3;artifact;reality;dirty;filthy;messy;;schmutzig;gryazniy
3;artifact;society;dirty;filthy;messy;;schmutzig;gryazniy
3;artifact;man;dirty;filthy;messy;;schmutzig;gryazniy
3;artifact;shirt;dirty;filthy;messy;;schmutzig;gryazniy
3;artifact;thing;dirty;filthy;messy;;schmutzig;gryazniy
3;artifact;bed;dirty;filthy;messy;;schmutzig;gryazniy
3;artifact;practice;dirty;filthy;messy;;schmutzig;gryazniy
3;artifact;matter;dirty;filthy;messy;;schmutzig;gryazniy
3;artifact;water;dirty;filthy;messy;;schmutzig;gryazniy
3;artifact;yard;dirty;filthy;messy;;schmutzig;gryazniy
3;artifact;method;dirty;filthy;messy;;schmutzig;gryazniy
3;artifact;word;dirty;filthy;messy;;schmutzig;gryazniy
3;artifact;picture;dirty;filthy;messy;;schmutzig;gryazniy
3;artifact;craft;dirty;filthy;messy;;schmutzig;gryazniy
3;artifact;job;dirty;filthy;messy;;schmutzig;gryazniy
3;artifact;kitchen;dirty;filthy;messy;;schmutzig;gryazniy
3;artifact;woman;dirty;filthy;messy;;schmutzig;gryazniy
3;artifact;bag;dirty;filthy;messy;;schmutzig;gryazniy
3;artifact;apartment;dirty;filthy;messy;;schmutzig;gryazniy
3;artifact;page;dirty;filthy;messy;;schmutzig;gryazniy
3;artifact;world;dirty;filthy;messy;;schmutzig;gryazniy
3;artifact;detail;dirty;filthy;messy;;schmutzig;gryazniy
3;artifact;hotel;dirty;filthy;messy;;schmutzig;gryazniy
3;artifact;building;dirty;filthy;messy;;schmutzig;gryazniy
3;artifact;book;dirty;filthy;messy;;schmutzig;gryazniy
3;artifact;campaign;dirty;filthy;messy;;schmutzig;gryazniy
3;artifact;child;dirty;filthy;messy;;schmutzig;gryazniy
3;artifact;war;dirty;filthy;messy;;schmutzig;gryazniy
3;artifact;story;dirty;filthy;messy;;schmutzig;gryazniy
4;None;affair;dirty;filthy;messy;;schmutzig;
4;None;mud;dirty;filthy;messy;;schmutzig;
4;None;clothing;dirty;filthy;messy;;schmutzig;
4;None;object;dirty;filthy;messy;;schmutzig;
4;None;character;dirty;filthy;messy;;schmutzig;
5;region;cook;dirty;filthy;messy;;;gryazniy
5;region;habit;dirty;filthy;messy;;;gryazniy
5;region;form;dirty;filthy;messy;;;gryazniy
5;region;way;dirty;filthy;messy;;;gryazniy
5;region;letter;dirty;filthy;messy;;;gryazniy
5;region;nature;dirty;filthy;messy;;;gryazniy
5;region;box;dirty;filthy;messy;;;gryazniy
5;region;end;dirty;filthy;messy;;;gryazniy
5;region;place;dirty;filthy;messy;;;gryazniy
5;region;situation;dirty;filthy;messy;;;gryazniy
5;region;sheet;dirty;filthy;messy;;;gryazniy
5;region;newspaper;dirty;filthy;messy;;;gryazniy
5;region;patch;dirty;filthy;messy;;;gryazniy
5;region;attic;dirty;filthy;messy;;;gryazniy
5;region;morning;dirty;filthy;messy;;;gryazniy
5;region;weather;dirty;filthy;messy;;;gryazniy
5;region;marriage;dirty;filthy;messy;;;gryazniy
5;region;table;dirty;filthy;messy;;;gryazniy
5;region;mouth;dirty;filthy;messy;;;gryazniy
5;region;spot;dirty;filthy;messy;;;gryazniy
5;region;life;dirty;filthy;messy;;;gryazniy
5;region;stuff;dirty;filthy;messy;;;gryazniy
5;region;ice;dirty;filthy;messy;;;gryazniy
5;region;backyard;dirty;filthy;messy;;;gryazniy
5;region;path;dirty;filthy;messy;;;gryazniy
5;region;layer;dirty;filthy;messy;;;gryazniy
5;region;head;dirty;filthy;messy;;;gryazniy
5;region;day;dirty;filthy;messy;;;gryazniy
5;region;corner;dirty;filthy;messy;;;gryazniy
5;region;pool;dirty;filthy;messy;;;gryazniy
5;region;piece;dirty;filthy;messy;;;gryazniy
5;region;grass;dirty;filthy;messy;;;gryazniy
5;region;mess;dirty;filthy;messy;;;gryazniy
5;region;shop;dirty;filthy;messy;;;gryazniy
5;region;waste;dirty;filthy;messy;;;gryazniy
5;region;desk;dirty;filthy;messy;;;gryazniy
5;region;ground;dirty;filthy;messy;;;gryazniy
5;region;surface;dirty;filthy;messy;;;gryazniy
5;region;mind;dirty;filthy;messy;;;gryazniy
5;region;hole;dirty;filthy;messy;;;gryazniy
5;region;room;dirty;filthy;messy;;;gryazniy
5;region;mop;dirty;filthy;messy;;;gryazniy
5;region;space;dirty;filthy;messy;;;gryazniy
5;region;case;dirty;filthy;messy;;;gryazniy
5;region;side;dirty;filthy;messy;;;gryazniy
5;region;murder;dirty;filthy;messy;;;gryazniy
5;region;procedure;dirty;filthy;messy;;;gryazniy
5;region;pot;dirty;filthy;messy;;;gryazniy
5;region;garbage;dirty;filthy;messy;;;gryazniy
5;region;lump;dirty;filthy;messy;;;gryazniy
5;region;diaper;dirty;filthy;messy;;;gryazniy
5;region;web;dirty;filthy;messy;;;gryazniy
5;region;scandal;dirty;filthy;messy;;;gryazniy
5;region;basement;dirty;filthy;messy;;;gryazniy
5;region;act;dirty;filthy;messy;;;gryazniy
5;region;power;dirty;filthy;messy;;;gryazniy
5;region;class;dirty;filthy;messy;;;gryazniy
5;region;residue;dirty;filthy;messy;;;gryazniy
5;region;street;dirty;filthy;messy;;;gryazniy
5;region;cloud;dirty;filthy;messy;;;gryazniy
5;region;creature;dirty;filthy;messy;;;gryazniy
5;region;condition;dirty;filthy;messy;;;gryazniy
5;region;game;dirty;filthy;messy;;;gryazniy
5;region;finger;dirty;filthy;messy;;;gryazniy
5;region;production;dirty;filthy;messy;;;gryazniy
5;region;cooking;dirty;filthy;messy;;;gryazniy
5;region;boy;dirty;filthy;messy;;;gryazniy
5;region;chaos;dirty;filthy;messy;;;gryazniy
5;region;trail;dirty;filthy;messy;;;gryazniy
5;region;car;dirty;filthy;messy;;;gryazniy
5;region;closet;dirty;filthy;messy;;;gryazniy
5;region;crime;dirty;filthy;messy;;;gryazniy
5;region;plate;dirty;filthy;messy;;;gryazniy
5;region;divorce;dirty;filthy;messy;;;gryazniy
5;region;beard;dirty;filthy;messy;;;gryazniy
5;region;oil;dirty;filthy;messy;;;gryazniy
5;region;process;dirty;filthy;messy;;;gryazniy
5;region;time;dirty;filthy;messy;;;gryazniy
5;region;bunch;dirty;filthy;messy;;;gryazniy
5;region;home;dirty;filthy;messy;;;gryazniy
5;region;girl;dirty;filthy;messy;;;gryazniy
5;region;paint;dirty;filthy;messy;;;gryazniy
5;region;scene;dirty;filthy;messy;;;gryazniy
5;region;part;dirty;filthy;messy;;;gryazniy
5;region;hair;dirty;filthy;messy;;;gryazniy
5;region;truth;dirty;filthy;messy;;;gryazniy
5;region;night;dirty;filthy;messy;;;gryazniy
5;region;area;dirty;filthy;messy;;;gryazniy
5;region;expression;dirty;filthy;messy;;;gryazniy
5;region;deal;dirty;filthy;messy;;;gryazniy
5;region;bird;dirty;filthy;messy;;;gryazniy
5;region;gas;dirty;filthy;messy;;;gryazniy
5;region;operation;dirty;filthy;messy;;;gryazniy
5;region;cage;dirty;filthy;messy;;;gryazniy
6;collection;clutter;dirty;filthy;messy;;;
6;collection;stage;dirty;filthy;messy;;;
6;collection;substance;dirty;filthy;messy;;;
6;collection;debris;dirty;filthy;messy;;;
6;collection;fact;dirty;filthy;messy;;;
6;collection;preparation;dirty;filthy;messy;;;
6;collection;court;dirty;filthy;messy;;;
6;collection;passage;dirty;filthy;messy;;;
6;collection;sort;dirty;filthy;messy;;;
6;collection;behavior;dirty;filthy;messy;;;
6;collection;group;dirty;filthy;messy;;;
6;collection;feeder;dirty;filthy;messy;;;
6;collection;plot;dirty;filthy;messy;;;
6;collection;drawing;dirty;filthy;messy;;;
6;collection;living;dirty;filthy;messy;;;
6;collection;solution;dirty;filthy;messy;;;
6;collection;existence;dirty;filthy;messy;;;
6;collection;state;dirty;filthy;messy;;;
6;collection;labor;dirty;filthy;messy;;;
6;collection;line;dirty;filthy;messy;;;
6;collection;sex;dirty;filthy;messy;;;
6;collection;record;dirty;filthy;messy;;;
6;collection;party;dirty;filthy;messy;;;
6;collection;bedroom;dirty;filthy;messy;;;
6;collection;fruit;dirty;filthy;messy;;;
6;collection;garage;dirty;filthy;messy;;;
6;collection;meal;dirty;filthy;messy;;;
6;collection;police;dirty;filthy;messy;;;
6;collection;office;dirty;filthy;messy;;;
6;collection;nest;dirty;filthy;messy;;;
6;collection;sight;dirty;filthy;messy;;;
6;collection;field;dirty;filthy;messy;;;
6;collection;mixture;dirty;filthy;messy;;;
6;collection;experience;dirty;filthy;messy;;;
6;collection;studio;dirty;filthy;messy;;;
6;collection;confusion;dirty;filthy;messy;;;
6;collection;baby;dirty;filthy;messy;;;
6;collection;clay;dirty;filthy;messy;;;
6;collection;self;dirty;filthy;messy;;;
6;collection;person;dirty;filthy;messy;;;
6;collection;disorder;dirty;filthy;messy;;;
6;collection;lab;dirty;filthy;messy;;;
6;collection;history;dirty;filthy;messy;;;
6;collection;chore;dirty;filthy;messy;;;
6;collection;battle;dirty;filthy;messy;;;
6;collection;household;dirty;filthy;messy;;;
6;collection;type;dirty;filthy;messy;;;
6;collection;manuscript;dirty;filthy;messy;;;
6;collection;heap;dirty;filthy;messy;;;
6;collection;example;dirty;filthy;messy;;;
6;collection;product;dirty;filthy;messy;;;
6;collection;humanity;dirty;filthy;messy;;;
6;collection;conversation;dirty;filthy;messy;;;
6;collection;tale;dirty;filthy;messy;;;
6;collection;bundle;dirty;filthy;messy;;;
6;collection;writer;dirty;filthy;messy;;;
6;collection;kid;dirty;filthy;messy;;;
6;collection;traffic;dirty;filthy;messy;;;
6;collection;lot;dirty;filthy;messy;;;
6;collection;collection;dirty;filthy;messy;;;
6;collection;spectacle;dirty;filthy;messy;;;
6;collection;string;dirty;filthy;messy;;;
6;collection;bathroom;dirty;filthy;messy;;;
6;collection;machine;dirty;filthy;messy;;;
6;collection;camp;dirty;filthy;messy;;;
6;collection;dish;dirty;filthy;messy;;;
6;collection;system;dirty;filthy;messy;;;
6;collection;image;dirty;filthy;messy;;;
6;collection;manner;dirty;filthy;messy;;;
6;collection;coffee;dirty;filthy;messy;;;
6;collection;aspect;dirty;filthy;messy;;;
6;collection;corpse;dirty;filthy;messy;;;
6;collection;task;dirty;filthy;messy;;;
6;collection;kind;dirty;filthy;messy;;;
6;collection;food;dirty;filthy;messy;;;
6;collection;school;dirty;filthy;messy;;;
6;collection;soup;dirty;filthy;messy;;;
6;collection;store;dirty;filthy;messy;;;
6;collection;bit;dirty;filthy;messy;;;
6;collection;fashion;dirty;filthy;messy;;;
6;collection;death;dirty;filthy;messy;;;
6;collection;slob;dirty;filthy;messy;;;
6;collection;land;dirty;filthy;messy;;;
6;collection;art;dirty;filthy;messy;;;
6;collection;material;dirty;filthy;messy;;;
6;collection;muddle;dirty;filthy;messy;;;
6;collection;dinner;dirty;filthy;messy;;;
6;collection;appearance;dirty;filthy;messy;;;
6;collection;evidence;dirty;filthy;messy;;;
6;collection;winter;dirty;filthy;messy;;;
6;collection;occupation;dirty;filthy;messy;;;
6;collection;family;dirty;filthy;messy;;;
7;None;air;dirty;filthy;;dreckig;schmutzig;gryazniy
7;None;pig;dirty;filthy;;dreckig;schmutzig;gryazniy
7;None;shoe;dirty;filthy;;dreckig;schmutzig;gryazniy
7;None;joke;dirty;filthy;;dreckig;schmutzig;gryazniy
7;None;paw;dirty;filthy;;dreckig;schmutzig;gryazniy
8;person;whore;dirty;filthy;;dreckig;;gryazniy
9;artifact;linen;dirty;filthy;;;schmutzig;gryazniy
9;artifact;passion;dirty;filthy;;;schmutzig;gryazniy
9;artifact;interest;dirty;filthy;;;schmutzig;gryazniy
9;artifact;trick;dirty;filthy;;;schmutzig;gryazniy
9;artifact;alley;dirty;filthy;;;schmutzig;gryazniy
9;artifact;stain;dirty;filthy;;;schmutzig;gryazniy
9;artifact;window;dirty;filthy;;;schmutzig;gryazniy
9;artifact;village;dirty;filthy;;;schmutzig;gryazniy
9;artifact;mob;dirty;filthy;;;schmutzig;gryazniy
9;artifact;dress;dirty;filthy;;;schmutzig;gryazniy
9;artifact;desire;dirty;filthy;;;schmutzig;gryazniy
9;artifact;slander;dirty;filthy;;;schmutzig;gryazniy
9;artifact;soul;dirty;filthy;;;schmutzig;gryazniy
9;artifact;channel;dirty;filthy;;;schmutzig;gryazniy
9;artifact;money;dirty;filthy;;;schmutzig;gryazniy
9;artifact;song;dirty;filthy;;;schmutzig;gryazniy
9;artifact;district;dirty;filthy;;;schmutzig;gryazniy
9;artifact;beggar;dirty;filthy;;;schmutzig;gryazniy
9;artifact;poverty;dirty;filthy;;;schmutzig;gryazniy
9;artifact;profit;dirty;filthy;;;schmutzig;gryazniy
9;artifact;apron;dirty;filthy;;;schmutzig;gryazniy
9;artifact;towel;dirty;filthy;;;schmutzig;gryazniy
9;artifact;jacket;dirty;filthy;;;schmutzig;gryazniy
9;artifact;foam;dirty;filthy;;;schmutzig;gryazniy
9;artifact;flooring;dirty;filthy;;;schmutzig;gryazniy
9;artifact;river;dirty;filthy;;;schmutzig;gryazniy
9;artifact;hell;dirty;filthy;;;schmutzig;gryazniy
9;artifact;glass;dirty;filthy;;;schmutzig;gryazniy
9;artifact;coat;dirty;filthy;;;schmutzig;gryazniy
9;artifact;pond;dirty;filthy;;;schmutzig;gryazniy
9;artifact;handkerchief;dirty;filthy;;;schmutzig;gryazniy
9;artifact;disease;dirty;filthy;;;schmutzig;gryazniy
9;artifact;milk;dirty;filthy;;;schmutzig;gryazniy
9;artifact;action;dirty;filthy;;;schmutzig;gryazniy
9;artifact;lake;dirty;filthy;;;schmutzig;gryazniy
9;artifact;market;dirty;filthy;;;schmutzig;gryazniy
9;artifact;fur;dirty;filthy;;;schmutzig;gryazniy
9;artifact;snow;dirty;filthy;;;schmutzig;gryazniy
9;artifact;greed;dirty;filthy;;;schmutzig;gryazniy
9;artifact;glove;dirty;filthy;;;schmutzig;gryazniy
9;artifact;hut;dirty;filthy;;;schmutzig;gryazniy
10;clothing;purpose;dirty;filthy;;;schmutzig;
10;clothing;weapon;dirty;filthy;;;schmutzig;
10;clothing;truck;dirty;filthy;;;schmutzig;
10;clothing;cell;dirty;filthy;;;schmutzig;
10;clothing;factory;dirty;filthy;;;schmutzig;
10;clothing;element;dirty;filthy;;;schmutzig;
10;clothing;flood;dirty;filthy;;;schmutzig;
10;clothing;imagination;dirty;filthy;;;schmutzig;
10;clothing;suit;dirty;filthy;;;schmutzig;
10;clothing;dwelling;dirty;filthy;;;schmutzig;
10;clothing;pub;dirty;filthy;;;schmutzig;
10;clothing;selfishness;dirty;filthy;;;schmutzig;
10;clothing;robe;dirty;filthy;;;schmutzig;
10;clothing;underwear;dirty;filthy;;;schmutzig;
10;clothing;attitude;dirty;filthy;;;schmutzig;
11;artifact;reputation;dirty;filthy;;;;gryazniy
11;artifact;boat;dirty;filthy;;;;gryazniy
11;artifact;pillow;dirty;filthy;;;;gryazniy
11;artifact;turban;dirty;filthy;;;;gryazniy
11;artifact;fraud;dirty;filthy;;;;gryazniy
11;artifact;cow;dirty;filthy;;;;gryazniy
11;artifact;smell;dirty;filthy;;;;gryazniy
11;artifact;figure;dirty;filthy;;;;gryazniy
11;artifact;ragamuffin;dirty;filthy;;;;gryazniy
11;artifact;cassock;dirty;filthy;;;;gryazniy
11;artifact;sludge;dirty;filthy;;;;gryazniy
11;artifact;canvas;dirty;filthy;;;;gryazniy
11;artifact;bus;dirty;filthy;;;;gryazniy
11;artifact;bandage;dirty;filthy;;;;gryazniy
11;artifact;cheek;dirty;filthy;;;;gryazniy
11;artifact;island;dirty;filthy;;;;gryazniy
11;artifact;wallpaper;dirty;filthy;;;;gryazniy
11;artifact;slime;dirty;filthy;;;;gryazniy
11;artifact;napkin;dirty;filthy;;;;gryazniy
11;artifact;dream;dirty;filthy;;;;gryazniy
11;artifact;neck;dirty;filthy;;;;gryazniy
11;artifact;trash;dirty;filthy;;;;gryazniy
11;artifact;skirt;dirty;filthy;;;;gryazniy
11;artifact;ditch;dirty;filthy;;;;gryazniy
11;artifact;pamphlet;dirty;filthy;;;;gryazniy
11;artifact;source;dirty;filthy;;;;gryazniy
11;artifact;dungeon;dirty;filthy;;;;gryazniy
11;artifact;beast;dirty;filthy;;;;gryazniy
11;artifact;hat;dirty;filthy;;;;gryazniy
11;artifact;deck;dirty;filthy;;;;gryazniy
11;artifact;fiction;dirty;filthy;;;;gryazniy
11;artifact;pillowcase;dirty;filthy;;;;gryazniy
11;artifact;barn;dirty;filthy;;;;gryazniy
11;artifact;bathrobe;dirty;filthy;;;;gryazniy
11;artifact;peasant;dirty;filthy;;;;gryazniy
11;artifact;skin;dirty;filthy;;;;gryazniy
11;artifact;broom;dirty;filthy;;;;gryazniy
11;artifact;barracks;dirty;filthy;;;;gryazniy
11;artifact;name;dirty;filthy;;;;gryazniy
11;artifact;mane;dirty;filthy;;;;gryazniy
11;artifact;trench;dirty;filthy;;;;gryazniy
11;artifact;meaning;dirty;filthy;;;;gryazniy
11;artifact;fog;dirty;filthy;;;;gryazniy
11;artifact;toilet;dirty;filthy;;;;gryazniy
11;artifact;cap;dirty;filthy;;;;gryazniy
11;artifact;propaganda;dirty;filthy;;;;gryazniy
11;artifact;idea;dirty;filthy;;;;gryazniy
11;artifact;wall;dirty;filthy;;;;gryazniy
11;artifact;kennel;dirty;filthy;;;;gryazniy
11;artifact;slum;dirty;filthy;;;;gryazniy
11;artifact;rope;dirty;filthy;;;;gryazniy
11;artifact;wreck;dirty;filthy;;;;gryazniy
11;artifact;collar;dirty;filthy;;;;gryazniy
11;artifact;deed;dirty;filthy;;;;gryazniy
11;artifact;company;dirty;filthy;;;;gryazniy
11;artifact;stream;dirty;filthy;;;;gryazniy
11;artifact;bowl;dirty;filthy;;;;gryazniy
11;artifact;wave;dirty;filthy;;;;gryazniy
11;artifact;dirt;dirty;filthy;;;;gryazniy
11;artifact;sock;dirty;filthy;;;;gryazniy
11;artifact;gang;dirty;filthy;;;;gryazniy
11;artifact;shit;dirty;filthy;;;;gryazniy
11;artifact;foot;dirty;filthy;;;;gryazniy
11;artifact;innuendo;dirty;filthy;;;;gryazniy
11;artifact;poison;dirty;filthy;;;;gryazniy
11;artifact;soil;dirty;filthy;;;;gryazniy
11;artifact;trough;dirty;filthy;;;;gryazniy
11;artifact;rumor;dirty;filthy;;;;gryazniy
11;artifact;rain;dirty;filthy;;;;gryazniy
11;artifact;drain;dirty;filthy;;;;gryazniy
11;artifact;cart;dirty;filthy;;;;gryazniy
11;artifact;entrance;dirty;filthy;;;;gryazniy
11;artifact;bucket;dirty;filthy;;;;gryazniy
11;artifact;station;dirty;filthy;;;;gryazniy
11;artifact;monster;dirty;filthy;;;;gryazniy
11;artifact;steamer;dirty;filthy;;;;gryazniy
11;artifact;plaster;dirty;filthy;;;;gryazniy
11;artifact;mattress;dirty;filthy;;;;gryazniy
11;artifact;chest;dirty;filthy;;;;gryazniy
11;artifact;fountain;dirty;filthy;;;;gryazniy
11;artifact;bank;dirty;filthy;;;;gryazniy
11;artifact;belly;dirty;filthy;;;;gryazniy
11;artifact;smear;dirty;filthy;;;;gryazniy
11;artifact;staircase;dirty;filthy;;;;gryazniy
11;artifact;wax;dirty;filthy;;;;gryazniy
11;artifact;stove;dirty;filthy;;;;gryazniy
11;artifact;underpants;dirty;filthy;;;;gryazniy
11;artifact;article;dirty;filthy;;;;gryazniy
11;artifact;claw;dirty;filthy;;;;gryazniy
11;artifact;scarf;dirty;filthy;;;;gryazniy
11;artifact;cesspool;dirty;filthy;;;;gryazniy
11;artifact;sky;dirty;filthy;;;;gryazniy
11;artifact;lie;dirty;filthy;;;;gryazniy
11;artifact;asphalt;dirty;filthy;;;;gryazniy
11;artifact;vest;dirty;filthy;;;;gryazniy
11;artifact;smoke;dirty;filthy;;;;gryazniy
11;artifact;tavern;dirty;filthy;;;;gryazniy
11;artifact;scheme;dirty;filthy;;;;gryazniy
11;artifact;strip;dirty;filthy;;;;gryazniy
11;artifact;dust;dirty;filthy;;;;gryazniy
11;artifact;overcoat;dirty;filthy;;;;gryazniy
11;artifact;nigger;dirty;filthy;;;;gryazniy
11;artifact;shore;dirty;filthy;;;;gryazniy
11;artifact;bench;dirty;filthy;;;;gryazniy
11;artifact;slave;dirty;filthy;;;;gryazniy
11;artifact;scum;dirty;filthy;;;;gryazniy
11;artifact;sweater;dirty;filthy;;;;gryazniy
11;artifact;trade;dirty;filthy;;;;gryazniy
11;artifact;print;dirty;filthy;;;;gryazniy
11;artifact;metal;dirty;filthy;;;;gryazniy
11;artifact;rag;dirty;filthy;;;;gryazniy
11;artifact;sheepskin;dirty;filthy;;;;gryazniy
11;artifact;prison;dirty;filthy;;;;gryazniy
11;artifact;wool;dirty;filthy;;;;gryazniy
11;artifact;coward;dirty;filthy;;;;gryazniy
11;artifact;quarter;dirty;filthy;;;;gryazniy
11;artifact;bottle;dirty;filthy;;;;gryazniy
11;artifact;traitor;dirty;filthy;;;;gryazniy
11;artifact;conscience;dirty;filthy;;;;gryazniy
11;artifact;sweatshirt;dirty;filthy;;;;gryazniy
11;artifact;palm;dirty;filthy;;;;gryazniy
11;artifact;stone;dirty;filthy;;;;gryazniy
11;artifact;ceiling;dirty;filthy;;;;gryazniy
11;artifact;bitch;dirty;filthy;;;;gryazniy
11;artifact;sea;dirty;filthy;;;;gryazniy
11;artifact;sheep;dirty;filthy;;;;gryazniy
11;artifact;carpet;dirty;filthy;;;;gryazniy
11;artifact;burlap;dirty;filthy;;;;gryazniy
11;artifact;vessel;dirty;filthy;;;;gryazniy
11;artifact;corridor;dirty;filthy;;;;gryazniy
11;artifact;lust;dirty;filthy;;;;gryazniy
11;artifact;blanket;dirty;filthy;;;;gryazniy
11;artifact;service;dirty;filthy;;;;gryazniy
11;artifact;sofa;dirty;filthy;;;;gryazniy
11;artifact;stomach;dirty;filthy;;;;gryazniy
11;artifact;tramp;dirty;filthy;;;;gryazniy
11;artifact;country;dirty;filthy;;;;gryazniy
11;artifact;track;dirty;filthy;;;;gryazniy
11;artifact;shroud;dirty;filthy;;;;gryazniy
11;artifact;sidewalk;dirty;filthy;;;;gryazniy
11;artifact;brush;dirty;filthy;;;;gryazniy
11;artifact;desert;dirty;filthy;;;;gryazniy
11;artifact;hospital;dirty;filthy;;;;gryazniy
11;artifact;cabin;dirty;filthy;;;;gryazniy
11;artifact;literature;dirty;filthy;;;;gryazniy
11;artifact;slut;dirty;filthy;;;;gryazniy
11;artifact;gauze;dirty;filthy;;;;gryazniy
11;artifact;shack;dirty;filthy;;;;gryazniy
11;artifact;salt;dirty;filthy;;;;gryazniy
11;artifact;spray;dirty;filthy;;;;gryazniy
11;artifact;heart;dirty;filthy;;;;gryazniy
11;artifact;goat;dirty;filthy;;;;gryazniy
11;artifact;warehouse;dirty;filthy;;;;gryazniy
11;artifact;flesh;dirty;filthy;;;;gryazniy
11;artifact;slip;dirty;filthy;;;;gryazniy
11;artifact;band;dirty;filthy;;;;gryazniy
11;artifact;envelope;dirty;filthy;;;;gryazniy
11;artifact;den;dirty;filthy;;;;gryazniy
11;artifact;contact;dirty;filthy;;;;gryazniy
11;artifact;age;dirty;filthy;;;;gryazniy
11;artifact;cup;dirty;filthy;;;;gryazniy
11;artifact;intrigue;dirty;filthy;;;;gryazniy
11;artifact;raincoat;dirty;filthy;;;;gryazniy
11;artifact;fingernail;dirty;filthy;;;;gryazniy
11;artifact;restaurant;dirty;filthy;;;;gryazniy
11;artifact;farce;dirty;filthy;;;;gryazniy
11;artifact;blouse;dirty;filthy;;;;gryazniy
11;artifact;haze;dirty;filthy;;;;gryazniy
11;artifact;nose;dirty;filthy;;;;gryazniy
11;artifact;talk;dirty;filthy;;;;gryazniy
11;artifact;wound;dirty;filthy;;;;gryazniy
11;artifact;coin;dirty;filthy;;;;gryazniy
11;artifact;sleeve;dirty;filthy;;;;gryazniy
11;artifact;quagmire;dirty;filthy;;;;gryazniy
11;artifact;wash;dirty;filthy;;;;gryazniy
11;artifact;bark;dirty;filthy;;;;gryazniy
11;artifact;muck;dirty;filthy;;;;gryazniy
11;artifact;libel;dirty;filthy;;;;gryazniy
11;artifact;cat;dirty;filthy;;;;gryazniy
11;artifact;attack;dirty;filthy;;;;gryazniy
11;artifact;insult;dirty;filthy;;;;gryazniy
11;artifact;door;dirty;filthy;;;;gryazniy
11;artifact;ass;dirty;filthy;;;;gryazniy
12;person;inn;dirty;filthy;;;;
12;person;rubber;dirty;filthy;;;;
12;person;dive;dirty;filthy;;;;
12;person;skylight;dirty;filthy;;;;
12;person;tongue;dirty;filthy;;;;
12;person;remark;dirty;filthy;;;;
12;person;sewer;dirty;filthy;;;;
12;person;spider;dirty;filthy;;;;
12;person;rug;dirty;filthy;;;;
12;person;cigarette;dirty;filthy;;;;
12;person;conduct;dirty;filthy;;;;
12;person;sod;dirty;filthy;;;;
12;person;soot;dirty;filthy;;;;
12;person;fish;dirty;filthy;;;;
12;person;cot;dirty;filthy;;;;
12;person;morsel;dirty;filthy;;;;
12;person;horn;dirty;filthy;;;;
12;person;darkness;dirty;filthy;;;;
12;person;sweat;dirty;filthy;;;;
12;person;tablecloth;dirty;filthy;;;;
12;person;wench;dirty;filthy;;;;
12;person;deposit;dirty;filthy;;;;
12;person;insect;dirty;filthy;;;;
12;person;habitation;dirty;filthy;;;;
12;person;talker;dirty;filthy;;;;
12;person;linoleum;dirty;filthy;;;;
12;person;beer;dirty;filthy;;;;
12;person;arm;dirty;filthy;;;;
12;person;folk;dirty;filthy;;;;
12;person;garb;dirty;filthy;;;;
12;person;music;dirty;filthy;;;;
12;person;shepherd;dirty;filthy;;;;
12;person;hippie;dirty;filthy;;;;
12;person;grin;dirty;filthy;;;;
12;person;drunkard;dirty;filthy;;;;
12;person;smock;dirty;filthy;;;;
12;person;hallway;dirty;filthy;;;;
12;person;nook;dirty;filthy;;;;
12;person;wine;dirty;filthy;;;;
12;person;rabble;dirty;filthy;;;;
12;person;frenchman;dirty;filthy;;;;
12;person;hog;dirty;filthy;;;;
12;person;port;dirty;filthy;;;;
12;person;cause;dirty;filthy;;;;
12;person;jim;dirty;filthy;;;;
12;person;shag;dirty;filthy;;;;
12;person;swine;dirty;filthy;;;;
12;person;base;dirty;filthy;;;;
12;person;nightgown;dirty;filthy;;;;
12;person;scavenger;dirty;filthy;;;;
12;person;knowledge;dirty;filthy;;;;
12;person;parasite;dirty;filthy;;;;
12;person;copper;dirty;filthy;;;;
12;person;silk;dirty;filthy;;;;
12;person;nothing;dirty;filthy;;;;
12;person;term;dirty;filthy;;;;
12;person;delight;dirty;filthy;;;;
12;person;devil;dirty;filthy;;;;
12;person;urinal;dirty;filthy;;;;
12;person;servant;dirty;filthy;;;;
12;person;steel;dirty;filthy;;;;
12;person;workshop;dirty;filthy;;;;
12;person;punch;dirty;filthy;;;;
12;person;stairway;dirty;filthy;;;;
12;person;junk;dirty;filthy;;;;
12;person;canal;dirty;filthy;;;;
12;person;movie;dirty;filthy;;;;
12;person;pelf;dirty;filthy;;;;
12;person;husband;dirty;filthy;;;;
12;person;lavatory;dirty;filthy;;;;
12;person;sediment;dirty;filthy;;;;
12;person;slang;dirty;filthy;;;;
12;person;tub;dirty;filthy;;;;
12;person;toad;dirty;filthy;;;;
12;person;population;dirty;filthy;;;;
12;person;louse;dirty;filthy;;;;
12;person;snake;dirty;filthy;;;;
12;person;bread;dirty;filthy;;;;
12;person;creek;dirty;filthy;;;;
12;person;cab;dirty;filthy;;;;
12;person;pack;dirty;filthy;;;;
12;person;humor;dirty;filthy;;;;
12;person;blot;dirty;filthy;;;;
12;person;iron;dirty;filthy;;;;
12;person;pocket;dirty;filthy;;;;
12;person;mantle;dirty;filthy;;;;
12;person;hussy;dirty;filthy;;;;
12;person;silver;dirty;filthy;;;;
12;person;saloon;dirty;filthy;;;;
12;person;tent;dirty;filthy;;;;
12;person;vagabond;dirty;filthy;;;;
12;person;squalor;dirty;filthy;;;;
12;person;hall;dirty;filthy;;;;
12;person;cushion;dirty;filthy;;;;
12;person;fire;dirty;filthy;;;;
12;person;slush;dirty;filthy;;;;
12;person;roadside;dirty;filthy;;;;
12;person;gown;dirty;filthy;;;;
12;person;pup;dirty;filthy;;;;
12;person;tenement;dirty;filthy;;;;
12;person;knave;dirty;filthy;;;;
12;person;evening;dirty;filthy;;;;
12;person;finery;dirty;filthy;;;;
12;person;stench;dirty;filthy;;;;
12;person;tunic;dirty;filthy;;;;
12;person;crew;dirty;filthy;;;;
12;person;railway;dirty;filthy;;;;
12;person;apparel;dirty;filthy;;;;
12;person;diet;dirty;filthy;;;;
12;person;priest;dirty;filthy;;;;
12;person;chimney;dirty;filthy;;;;
12;person;tee;dirty;filthy;;;;
12;person;underclothes;dirty;filthy;;;;
12;person;basin;dirty;filthy;;;;
12;person;pirate;dirty;filthy;;;;
12;person;medicine;dirty;filthy;;;;
12;person;cave;dirty;filthy;;;;
12;person;novel;dirty;filthy;;;;
12;person;pimp;dirty;filthy;;;;
12;person;singlet;dirty;filthy;;;;
12;person;section;dirty;filthy;;;;
12;person;locality;dirty;filthy;;;;
12;person;pallet;dirty;filthy;;;;
12;person;pit;dirty;filthy;;;;
12;person;memory;dirty;filthy;;;;
12;person;gag;dirty;filthy;;;;
12;person;farm;dirty;filthy;;;;
12;person;exhaust;dirty;filthy;;;;
12;person;tide;dirty;filthy;;;;
12;person;shower;dirty;filthy;;;;
12;person;slop;dirty;filthy;;;;
12;person;baggage;dirty;filthy;;;;
12;person;forecastle;dirty;filthy;;;;
12;person;prisoner;dirty;filthy;;;;
12;person;london;dirty;filthy;;;;
12;person;farmyard;dirty;filthy;;;;
12;person;loft;dirty;filthy;;;;
12;person;worm;dirty;filthy;;;;
12;person;rice;dirty;filthy;;;;
12;person;refugee;dirty;filthy;;;;
12;person;yid;dirty;filthy;;;;
12;person;stair;dirty;filthy;;;;
12;person;pus;dirty;filthy;;;;
12;person;marble;dirty;filthy;;;;
12;person;couch;dirty;filthy;;;;
12;person;pail;dirty;filthy;;;;
12;person;bone;dirty;filthy;;;;
12;person;attire;dirty;filthy;;;;
12;person;outrage;dirty;filthy;;;;
12;person;jail;dirty;filthy;;;;
12;person;morass;dirty;filthy;;;;
12;person;hobo;dirty;filthy;;;;
12;person;cement;dirty;filthy;;;;
12;person;neighborhood;dirty;filthy;;;;
12;person;freight;dirty;filthy;;;;
12;person;washroom;dirty;filthy;;;;
12;person;tank;dirty;filthy;;;;
12;person;sawdust;dirty;filthy;;;;
12;person;dollar;dirty;filthy;;;;
12;person;bargain;dirty;filthy;;;;
12;person;bribe;dirty;filthy;;;;
12;person;tile;dirty;filthy;;;;
12;person;mongrel;dirty;filthy;;;;
12;person;profession;dirty;filthy;;;;
12;person;bug;dirty;filthy;;;;
12;person;neglect;dirty;filthy;;;;
12;person;seat;dirty;filthy;;;;
12;person;undershirt;dirty;filthy;;;;
12;person;touch;dirty;filthy;;;;
12;person;nightshirt;dirty;filthy;;;;
12;person;doctor;dirty;filthy;;;;
12;person;hypocrite;dirty;filthy;;;;
12;person;windshield;dirty;filthy;;;;
12;person;loin;dirty;filthy;;;;
12;person;t;dirty;filthy;;;;
12;person;luck;dirty;filthy;;;;
12;person;charge;dirty;filthy;;;;
12;person;harbor;dirty;filthy;;;;
12;person;bandanna;dirty;filthy;;;;
12;person;rogue;dirty;filthy;;;;
12;person;cellar;dirty;filthy;;;;
12;person;stretch;dirty;filthy;;;;
12;person;insinuation;dirty;filthy;;;;
12;person;restroom;dirty;filthy;;;;
12;person;magazine;dirty;filthy;;;;
12;person;swarm;dirty;filthy;;;;
12;person;mountain;dirty;filthy;;;;
12;person;law;dirty;filthy;;;;
12;person;region;dirty;filthy;;;;
12;person;wind;dirty;filthy;;;;
12;person;mist;dirty;filthy;;;;
12;person;oven;dirty;filthy;;;;
12;person;dhoti;dirty;filthy;;;;
12;person;wig;dirty;filthy;;;;
12;person;chain;dirty;filthy;;;;
12;person;shambles;dirty;filthy;;;;
12;person;noise;dirty;filthy;;;;
12;person;yankee;dirty;filthy;;;;
12;person;sport;dirty;filthy;;;;
12;person;beach;dirty;filthy;;;;
12;person;drudgery;dirty;filthy;;;;
12;person;rock;dirty;filthy;;;;
12;person;coal;dirty;filthy;;;;
12;person;turk;dirty;filthy;;;;
12;person;screen;dirty;filthy;;;;
12;person;tweed;dirty;filthy;;;;
12;person;specimen;dirty;filthy;;;;
12;person;bathtub;dirty;filthy;;;;
12;person;quilt;dirty;filthy;;;;
12;person;butcher;dirty;filthy;;;;
12;person;voice;dirty;filthy;;;;
12;person;neighbourhood;dirty;filthy;;;;
12;person;calico;dirty;filthy;;;;
12;person;jest;dirty;filthy;;;;
12;person;mire;dirty;filthy;;;;
12;person;steam;dirty;filthy;;;;
12;person;suggestion;dirty;filthy;;;;
12;person;compartment;dirty;filthy;;;;
12;person;alleyway;dirty;filthy;;;;
12;person;gossip;dirty;filthy;;;;
12;person;ruffian;dirty;filthy;;;;
12;person;flannel;dirty;filthy;;;;
12;person;sack;dirty;filthy;;;;
12;person;butter;dirty;filthy;;;;
12;person;establishment;dirty;filthy;;;;
12;person;son;dirty;filthy;;;;
12;person;blackguard;dirty;filthy;;;;
12;person;throat;dirty;filthy;;;;
12;person;powder;dirty;filthy;;;;
12;person;outhouse;dirty;filthy;;;;
12;person;pavement;dirty;filthy;;;;
12;person;jersey;dirty;filthy;;;;
12;person;row;dirty;filthy;;;;
12;person;ghetto;dirty;filthy;;;;
12;person;herd;dirty;filthy;;;;
12;person;bandana;dirty;filthy;;;;
12;person;drainage;dirty;filthy;;;;
12;person;witch;dirty;filthy;;;;
12;person;discharge;dirty;filthy;;;;
12;person;engine;dirty;filthy;;;;
12;person;platform;dirty;filthy;;;;
12;person;cash;dirty;filthy;;;;
12;person;odor;dirty;filthy;;;;
12;person;rainwater;dirty;filthy;;;;
12;person;phone;dirty;filthy;;;;
12;person;cotton;dirty;filthy;;;;
12;person;load;dirty;filthy;;;;
12;person;wickedness;dirty;filthy;;;;
12;person;baseball;dirty;filthy;;;;
12;person;trailer;dirty;filthy;;;;
12;person;stranger;dirty;filthy;;;;
12;person;cape;dirty;filthy;;;;
12;person;clout;dirty;filthy;;;;
12;person;froth;dirty;filthy;;;;
12;person;soldier;dirty;filthy;;;;
12;person;loincloth;dirty;filthy;;;;
12;person;caricature;dirty;filthy;;;;
12;person;species;dirty;filthy;;;;
12;person;lap;dirty;filthy;;;;
12;person;dung;dirty;filthy;;;;
12;person;rest;dirty;filthy;;;;
12;person;motel;dirty;filthy;;;;
12;person;gutter;dirty;filthy;;;;
12;person;smog;dirty;filthy;;;;
12;person;ape;dirty;filthy;;;;
12;person;plant;dirty;filthy;;;;
12;person;latrine;dirty;filthy;;;;
12;person;youth;dirty;filthy;;;;
12;person;god;dirty;filthy;;;;
12;person;squaw;dirty;filthy;;;;
12;person;government;dirty;filthy;;;;
12;person;scrap;dirty;filthy;;;;
12;person;carcass;dirty;filthy;;;;
12;person;gain;dirty;filthy;;;;
12;person;heat;dirty;filthy;;;;
12;person;cream;dirty;filthy;;;;
12;person;coolie;dirty;filthy;;;;
12;person;waterfront;dirty;filthy;;;;
12;person;ashtray;dirty;filthy;;;;
12;person;nursing;dirty;filthy;;;;
12;person;monkey;dirty;filthy;;;;
12;person;pane;dirty;filthy;;;;
12;person;pervert;dirty;filthy;;;;
12;person;receptacle;dirty;filthy;;;;
12;person;courtyard;dirty;filthy;;;;
12;person;temper;dirty;filthy;;;;
12;person;speech;dirty;filthy;;;;
12;person;container;dirty;filthy;;;;
12;person;sense;dirty;filthy;;;;
12;person;slough;dirty;filthy;;;;
12;person;rat;dirty;filthy;;;;
12;person;leather;dirty;filthy;;;;
12;person;wagon;dirty;filthy;;;;
12;person;sin;dirty;filthy;;;;
12;person;sodomite;dirty;filthy;;;;
12;person;villain;dirty;filthy;;;;
12;person;mother;dirty;filthy;;;;
12;person;misery;dirty;filthy;;;;
12;person;idol;dirty;filthy;;;;
12;person;drug;dirty;filthy;;;;
12;person;washbasin;dirty;filthy;;;;
12;person;urchin;dirty;filthy;;;;
12;person;lout;dirty;filthy;;;;
12;person;equipment;dirty;filthy;;;;
12;person;planet;dirty;filthy;;;;
12;person;fox;dirty;filthy;;;;
12;person;grease;dirty;filthy;;;;
12;person;fluff;dirty;filthy;;;;
12;person;greatcoat;dirty;filthy;;;;
12;person;thief;dirty;filthy;;;;
12;person;wigwam;dirty;filthy;;;;
12;person;arab;dirty;filthy;;;;
12;person;army;dirty;filthy;;;;
12;person;shame;dirty;filthy;;;;
12;person;cafe;dirty;filthy;;;;
12;person;liar;dirty;filthy;;;;
12;person;cavern;dirty;filthy;;;;
12;person;garment;dirty;filthy;;;;
12;person;thoroughfare;dirty;filthy;;;;
12;person;sty;dirty;filthy;;;;
12;person;abuse;dirty;filthy;;;;
12;person;tarp;dirty;filthy;;;;
12;person;ship;dirty;filthy;;;;
12;person;shift;dirty;filthy;;;;
12;person;ward;dirty;filthy;;;;
12;person;summer;dirty;filthy;;;;
12;person;treasure;dirty;filthy;;;;
12;person;doorway;dirty;filthy;;;;
12;person;dock;dirty;filthy;;;;
12;person;wealth;dirty;filthy;;;;
12;person;check;dirty;filthy;;;;
12;person;chair;dirty;filthy;;;;
12;person;beret;dirty;filthy;;;;
12;person;wood;dirty;filthy;;;;
12;person;seed;dirty;filthy;;;;
12;person;county;dirty;filthy;;;;
12;person;mood;dirty;filthy;;;;
12;person;cottage;dirty;filthy;;;;
12;person;boot;dirty;filthy;;;;
12;person;tennis;dirty;filthy;;;;
12;person;brick;dirty;filthy;;;;
12;person;necessity;dirty;filthy;;;;
12;person;countenance;dirty;filthy;;;;
12;person;kike;dirty;filthy;;;;
12;person;postcard;dirty;filthy;;;;
12;person;father;dirty;filthy;;;;
12;person;earth;dirty;filthy;;;;
12;person;cunt;dirty;filthy;;;;
12;person;presence;dirty;filthy;;;;
12;person;pride;dirty;filthy;;;;
12;person;brat;dirty;filthy;;;;
12;person;eye;dirty;filthy;;;;
12;person;hen;dirty;filthy;;;;
12;person;enclosure;dirty;filthy;;;;
12;person;washing;dirty;filthy;;;;
12;person;plight;dirty;filthy;;;;
12;person;avenue;dirty;filthy;;;;
12;person;laugh;dirty;filthy;;;;
12;person;taste;dirty;filthy;;;;
12;person;breath;dirty;filthy;;;;
12;person;roof;dirty;filthy;;;;
12;person;parka;dirty;filthy;;;;
12;person;sonofabitch;dirty;filthy;;;;
12;person;junkie;dirty;filthy;;;;
12;person;tangle;dirty;filthy;;;;
12;person;labour;dirty;filthy;;;;
12;person;skunk;dirty;filthy;;;;
12;person;forefinger;dirty;filthy;;;;
12;person;moisture;dirty;filthy;;;;
12;person;crust;dirty;filthy;;;;
12;person;mucus;dirty;filthy;;;;
12;person;stock;dirty;filthy;;;;
12;person;kerchief;dirty;filthy;;;;
12;person;hull;dirty;filthy;;;;
12;person;tea;dirty;filthy;;;;
12;person;liquor;dirty;filthy;;;;
12;person;instrument;dirty;filthy;;;;
12;person;religion;dirty;filthy;;;;
12;person;chamber;dirty;filthy;;;;
12;person;sinner;dirty;filthy;;;;
12;person;friend;dirty;filthy;;;;
12;person;shadow;dirty;filthy;;;;
12;person;level;dirty;filthy;;;;
12;person;atheist;dirty;filthy;;;;
12;person;monk;dirty;filthy;;;;
12;person;fabric;dirty;filthy;;;;
12;person;community;dirty;filthy;;;;
12;person;weed;dirty;filthy;;;;
12;person;chicken;dirty;filthy;;;;
12;person;breed;dirty;filthy;;;;
12;person;raiment;dirty;filthy;;;;
12;person;train;dirty;filthy;;;;
12;person;filth;dirty;filthy;;;;
12;person;racket;dirty;filthy;;;;
12;person;mask;dirty;filthy;;;;
12;person;film;dirty;filthy;;;;
12;person;trap;dirty;filthy;;;;
12;person;flight;dirty;filthy;;;;
12;person;harbour;dirty;filthy;;;;
12;person;hound;dirty;filthy;;;;
12;person;manure;dirty;filthy;;;;
12;person;garret;dirty;filthy;;;;
12;person;crowd;dirty;filthy;;;;
12;person;thumb;dirty;filthy;;;;
12;person;frame;dirty;filthy;;;;
12;person;pleasure;dirty;filthy;;;;
12;person;mutt;dirty;filthy;;;;
12;person;denim;dirty;filthy;;;;
12;person;cur;dirty;filthy;;;;
12;person;spy;dirty;filthy;;;;
12;person;poem;dirty;filthy;;;;
12;person;barrel;dirty;filthy;;;;
12;person;cast;dirty;filthy;;;;
12;person;enemy;dirty;filthy;;;;
12;person;tobacco;dirty;filthy;;;;
12;person;fool;dirty;filthy;;;;
12;person;shelter;dirty;filthy;;;;
12;person;drapery;dirty;filthy;;;;
12;person;pigsty;dirty;filthy;;;;
12;person;prostitute;dirty;filthy;;;;
12;person;climate;dirty;filthy;;;;
12;person;cardboard;dirty;filthy;;;;
12;person;bugger;dirty;filthy;;;;
12;person;gear;dirty;filthy;;;;
12;person;laughter;dirty;filthy;;;;
12;person;race;dirty;filthy;;;;
12;person;smoking;dirty;filthy;;;;
12;person;cargo;dirty;filthy;;;;
12;person;railroad;dirty;filthy;;;;
12;person;wretch;dirty;filthy;;;;
12;person;union;dirty;filthy;;;;
12;person;horse;dirty;filthy;;;;
12;person;bunk;dirty;filthy;;;;
12;person;storm;dirty;filthy;;;;
12;person;marsh;dirty;filthy;;;;
12;person;curse;dirty;filthy;;;;
12;person;behaviour;dirty;filthy;;;;
12;person;theatre;dirty;filthy;;;;
12;person;brother;dirty;filthy;;;;
12;person;meat;dirty;filthy;;;;
12;person;accommodation;dirty;filthy;;;;
12;person;sneakers;dirty;filthy;;;;
12;person;companion;dirty;filthy;;;;
12;person;province;dirty;filthy;;;;
12;person;conspiracy;dirty;filthy;;;;
12;person;sponge;dirty;filthy;;;;
12;person;barnyard;dirty;filthy;;;;
12;person;dunghill;dirty;filthy;;;;
12;person;cock;dirty;filthy;;;;
12;person;sewage;dirty;filthy;;;;
12;person;smile;dirty;filthy;;;;
12;person;outfit;dirty;filthy;;;;
12;person;pipe;dirty;filthy;;;;
12;person;wit;dirty;filthy;;;;
12;person;mug;dirty;filthy;;;;
12;person;boche;dirty;filthy;;;;
12;person;labyrinth;dirty;filthy;;;;
12;person;shawl;dirty;filthy;;;;
12;person;carriage;dirty;filthy;;;;
12;person;press;dirty;filthy;;;;
12;person;spirit;dirty;filthy;;;;
12;person;cloak;dirty;filthy;;;;
12;person;juice;dirty;filthy;;;;
12;person;subway;dirty;filthy;;;;
12;person;saliva;dirty;filthy;;;;
12;person;stink;dirty;filthy;;;;
12;person;dross;dirty;filthy;;;;
12;person;vehicle;dirty;filthy;;;;
12;person;gloom;dirty;filthy;;;;
12;person;everything;dirty;filthy;;;;
12;person;shanty;dirty;filthy;;;;
12;person;pen;dirty;filthy;;;;
12;person;mode;dirty;filthy;;;;
12;person;hay;dirty;filthy;;;;
12;person;frock;dirty;filthy;;;;
12;person;imitation;dirty;filthy;;;;
12;person;doll;dirty;filthy;;;;
12;person;jewess;dirty;filthy;;;;
12;person;dormitory;dirty;filthy;;;;
12;person;hag;dirty;filthy;;;;
12;person;show;dirty;filthy;;;;
12;person;description;dirty;filthy;;;;
12;person;temple;dirty;filthy;;;;
12;person;officer;dirty;filthy;;;;
12;person;phrase;dirty;filthy;;;;
12;person;mining;dirty;filthy;;;;
12;person;suburb;dirty;filthy;;;;
12;person;lucre;dirty;filthy;;;;
12;person;duster;dirty;filthy;;;;
12;person;cobweb;dirty;filthy;;;;
12;person;bog;dirty;filthy;;;;
12;person;murderer;dirty;filthy;;;;
12;person;lace;dirty;filthy;;;;
12;person;colour;dirty;filthy;;;;
12;person;khan;dirty;filthy;;;;
12;person;ash;dirty;filthy;;;;
12;person;atmosphere;dirty;filthy;;;;
12;person;sugar;dirty;filthy;;;;
12;person;guard;dirty;filthy;;;;
12;person;bath;dirty;filthy;;;;
12;person;drinking;dirty;filthy;;;;
12;person;tin;dirty;filthy;;;;
12;person;jungle;dirty;filthy;;;;
12;person;manufacturing;dirty;filthy;;;;
12;person;capital;dirty;filthy;;;;
12;person;hovel;dirty;filthy;;;;
12;person;pair;dirty;filthy;;;;
12;person;snout;dirty;filthy;;;;
12;person;prick;dirty;filthy;;;;
12;person;paris;dirty;filthy;;;;
12;person;brood;dirty;filthy;;;;
12;person;tunnel;dirty;filthy;;;;
12;person;housing;dirty;filthy;;;;
12;person;scoundrel;dirty;filthy;;;;
12;person;cad;dirty;filthy;;;;
12;person;tribe;dirty;filthy;;;;
12;person;chinaman;dirty;filthy;;;;
12;person;strumpet;dirty;filthy;;;;
12;person;nation;dirty;filthy;;;;
13;male;guy;dirty;;messy;dreckig;schmutzig;gryazniy
14;act;activity;dirty;;messy;;schmutzig;gryazniy
14;act;fight;dirty;;messy;;schmutzig;gryazniy
15;business_relation;competition;dirty;;messy;;schmutzig;
16;activity;attempt;dirty;;messy;;;gryazniy
16;activity;package;dirty;;messy;;;gryazniy
16;activity;network;dirty;;messy;;;gryazniy
16;activity;calculation;dirty;;messy;;;gryazniy
16;activity;step;dirty;;messy;;;gryazniy
16;activity;love;dirty;;messy;;;gryazniy
16;activity;document;dirty;;messy;;;gryazniy
16;activity;background;dirty;;messy;;;gryazniy
16;activity;adventure;dirty;;messy;;;gryazniy
16;activity;painting;dirty;;messy;;;gryazniy
16;activity;notebook;dirty;;messy;;;gryazniy
17;activity;election;dirty;;messy;;;
17;activity;concept;dirty;;messy;;;
17;activity;treatment;dirty;;messy;;;
17;activity;change;dirty;;messy;;;
17;activity;printing;dirty;;messy;;;
17;activity;storage;dirty;;messy;;;
17;activity;chocolate;dirty;;messy;;;
17;activity;landscape;dirty;;messy;;;
17;activity;publicity;dirty;;messy;;;
17;activity;tree;dirty;;messy;;;
17;activity;stack;dirty;;messy;;;
17;activity;ambiguity;dirty;;messy;;;
17;activity;circle;dirty;;messy;;;
17;activity;text;dirty;;messy;;;
17;activity;event;dirty;;messy;;;
17;activity;program;dirty;;messy;;;
17;activity;science;dirty;;messy;;;
17;activity;view;dirty;;messy;;;
17;activity;carbon;dirty;;messy;;;
17;activity;assemblage;dirty;;messy;;;
17;activity;experiment;dirty;;messy;;;
17;activity;zone;dirty;;messy;;;
17;activity;cut;dirty;;messy;;;
17;activity;performance;dirty;;messy;;;
17;activity;version;dirty;;messy;;;
17;activity;argument;dirty;;messy;;;
17;activity;course;dirty;;messy;;;
17;activity;model;dirty;;messy;;;
17;activity;list;dirty;;messy;;;
17;activity;draft;dirty;;messy;;;
17;activity;breakfast;dirty;;messy;;;
17;activity;tray;dirty;;messy;;;
17;activity;conflict;dirty;;messy;;;
17;activity;compound;dirty;;messy;;;
17;activity;painter;dirty;;messy;;;
17;activity;compromise;dirty;;messy;;;
17;activity;decision;dirty;;messy;;;
17;activity;theory;dirty;;messy;;;
17;activity;today;dirty;;messy;;;
17;activity;assignment;dirty;;messy;;;
17;activity;arena;dirty;;messy;;;
17;activity;display;dirty;;messy;;;
17;activity;problem;dirty;;messy;;;
17;activity;policy;dirty;;messy;;;
17;activity;garden;dirty;;messy;;;
17;activity;map;dirty;;messy;;;
17;activity;lunch;dirty;;messy;;;
17;activity;file;dirty;;messy;;;
17;activity;year;dirty;;messy;;;
17;activity;code;dirty;;messy;;;
17;activity;construction;dirty;;messy;;;
17;activity;technique;dirty;;messy;;;
17;activity;worker;dirty;;messy;;;
17;activity;approach;dirty;;messy;;;
17;activity;exercise;dirty;;messy;;;
17;activity;accident;dirty;;messy;;;
17;activity;programming;dirty;;messy;;;
17;activity;episode;dirty;;messy;;;
17;activity;analysis;dirty;;messy;;;
17;activity;information;dirty;;messy;;;
17;activity;account;dirty;;messy;;;
17;activity;variety;dirty;;messy;;;
17;activity;peace;dirty;;messy;;;
17;activity;structure;dirty;;messy;;;
17;activity;palette;dirty;;messy;;;
17;activity;style;dirty;;messy;;;
17;activity;wad;dirty;;messy;;;
17;activity;question;dirty;;messy;;;
17;activity;design;dirty;;messy;;;
17;activity;ink;dirty;;messy;;;
17;activity;locker;dirty;;messy;;;
17;activity;finish;dirty;;messy;;;
17;activity;mound;dirty;;messy;;;
17;activity;relationship;dirty;;messy;;;
17;activity;paste;dirty;;messy;;;
17;activity;jumble;dirty;;messy;;;
17;activity;classroom;dirty;;messy;;;
17;activity;culture;dirty;;messy;;;
17;activity;housekeeper;dirty;;messy;;;
17;activity;quality;dirty;;messy;;;
17;activity;research;dirty;;messy;;;
17;activity;fun;dirty;;messy;;;
17;activity;effect;dirty;;messy;;;
17;activity;braid;dirty;;messy;;;
17;activity;implementation;dirty;;messy;;;
17;activity;dresser;dirty;;messy;;;
17;activity;proceeding;dirty;;messy;;;
17;activity;application;dirty;;messy;;;
17;activity;clump;dirty;;messy;;;
17;activity;copy;dirty;;messy;;;
17;activity;amalgam;dirty;;messy;;;
17;activity;combination;dirty;;messy;;;
17;activity;mix;dirty;;messy;;;
17;activity;project;dirty;;messy;;;
17;activity;scrawl;dirty;;messy;;;
17;activity;battlefield;dirty;;messy;;;
17;activity;development;dirty;;messy;;;
17;activity;search;dirty;;messy;;;
17;activity;break;dirty;;messy;;;
17;activity;script;dirty;;messy;;;
17;activity;flow;dirty;;messy;;;
17;activity;effort;dirty;;messy;;;
17;activity;output;dirty;;messy;;;
17;activity;squabble;dirty;;messy;;;
17;activity;use;dirty;;messy;;;
17;activity;topic;dirty;;messy;;;
17;activity;enterprise;dirty;;messy;;;
17;activity;site;dirty;;messy;;;
17;activity;study;dirty;;messy;;;
17;activity;pulp;dirty;;messy;;;
17;activity;landing;dirty;;messy;;;
17;activity;struggle;dirty;;messy;;;
17;activity;laboratory;dirty;;messy;;;
17;activity;legacy;dirty;;messy;;;
18;person;jew;dirty;;;dreckig;schmutzig;gryazniy
19;None;color;dirty;;;;schmutzig;gryazniy
19;None;motive;dirty;;;;schmutzig;gryazniy
19;None;plan;dirty;;;;schmutzig;gryazniy
20;quality;porridge;dirty;;;;schmutzig;
20;quality;advantage;dirty;;;;schmutzig;
20;quality;miser;dirty;;;;schmutzig;
20;quality;float;dirty;;;;schmutzig;
20;quality;disc;dirty;;;;schmutzig;
20;quality;discoloration;dirty;;;;schmutzig;
20;quality;reason;dirty;;;;schmutzig;
20;quality;impression;dirty;;;;schmutzig;
21;boundary;politicking;dirty;;;;;gryazniy
21;boundary;gun;dirty;;;;;gryazniy
21;boundary;speculation;dirty;;;;;gryazniy
21;boundary;highway;dirty;;;;;gryazniy
21;boundary;edge;dirty;;;;;gryazniy
21;boundary;hem;dirty;;;;;gryazniy
21;boundary;knee;dirty;;;;;gryazniy
21;boundary;drop;dirty;;;;;gryazniy
21;boundary;dawn;dirty;;;;;gryazniy
21;boundary;tone;dirty;;;;;gryazniy
21;boundary;shade;dirty;;;;;gryazniy
21;boundary;canopy;dirty;;;;;gryazniy
21;boundary;thumbprint;dirty;;;;;gryazniy
21;boundary;quay;dirty;;;;;gryazniy
22;happening;dirty;;;;;;gryazniy
23;instrumentality;maneuver;dirty;;;;;gryazniy
23;instrumentality;duck;dirty;;;;;gryazniy
23;instrumentality;bear;dirty;;;;;gryazniy
23;instrumentality;forehead;dirty;;;;;gryazniy
23;instrumentality;basket;dirty;;;;;gryazniy
23;instrumentality;pan;dirty;;;;;gryazniy
23;instrumentality;flower;dirty;;;;;gryazniy
23;instrumentality;gesture;dirty;;;;;gryazniy
23;instrumentality;coast;dirty;;;;;gryazniy
23;instrumentality;fence;dirty;;;;;gryazniy
23;instrumentality;politician;dirty;;;;;gryazniy
23;instrumentality;lawyer;dirty;;;;;gryazniy
23;instrumentality;cord;dirty;;;;;gryazniy
23;instrumentality;limit;dirty;;;;;gryazniy
23;instrumentality;superconductor;dirty;;;;;gryazniy
23;instrumentality;cop;dirty;;;;;gryazniy
23;instrumentality;connection;dirty;;;;;gryazniy
23;instrumentality;wheel;dirty;;;;;gryazniy
23;instrumentality;gruel;dirty;;;;;gryazniy
23;instrumentality;ballast;dirty;;;;;gryazniy
23;instrumentality;scab;dirty;;;;;gryazniy
23;instrumentality;stool;dirty;;;;;gryazniy
23;instrumentality;hood;dirty;;;;;gryazniy
23;instrumentality;role;dirty;;;;;gryazniy
23;instrumentality;button;dirty;;;;;gryazniy
23;instrumentality;udder;dirty;;;;;gryazniy
23;instrumentality;flag;dirty;;;;;gryazniy
23;instrumentality;banner;dirty;;;;;gryazniy
23;instrumentality;shell;dirty;;;;;gryazniy
23;instrumentality;cobblestone;dirty;;;;;gryazniy
23;instrumentality;butt;dirty;;;;;gryazniy
23;instrumentality;knife;dirty;;;;;gryazniy
23;instrumentality;threshold;dirty;;;;;gryazniy
23;instrumentality;comfort;dirty;;;;;gryazniy
23;instrumentality;ear;dirty;;;;;gryazniy
23;instrumentality;oilcloth;dirty;;;;;gryazniy
23;instrumentality;fist;dirty;;;;;gryazniy
23;instrumentality;sill;dirty;;;;;gryazniy
23;instrumentality;mistress;dirty;;;;;gryazniy
23;instrumentality;coil;dirty;;;;;gryazniy
23;instrumentality;bazaar;dirty;;;;;gryazniy
23;instrumentality;dance;dirty;;;;;gryazniy
23;instrumentality;cover;dirty;;;;;gryazniy
23;instrumentality;property;dirty;;;;;gryazniy
23;instrumentality;spring;dirty;;;;;gryazniy
23;instrumentality;dough;dirty;;;;;gryazniy
23;instrumentality;tape;dirty;;;;;gryazniy
23;instrumentality;bomb;dirty;;;;;gryazniy
23;instrumentality;boiler;dirty;;;;;gryazniy
23;instrumentality;log;dirty;;;;;gryazniy
23;instrumentality;dishwater;dirty;;;;;gryazniy
23;instrumentality;sample;dirty;;;;;gryazniy
23;instrumentality;realism;dirty;;;;;gryazniy
23;instrumentality;mustache;dirty;;;;;gryazniy
23;instrumentality;fork;dirty;;;;;gryazniy
23;instrumentality;board;dirty;;;;;gryazniy
23;instrumentality;fez;dirty;;;;;gryazniy
23;instrumentality;wing;dirty;;;;;gryazniy
23;instrumentality;brook;dirty;;;;;gryazniy
23;instrumentality;fringe;dirty;;;;;gryazniy
23;instrumentality;chalk;dirty;;;;;gryazniy
23;instrumentality;mark;dirty;;;;;gryazniy
23;instrumentality;technology;dirty;;;;;gryazniy
23;instrumentality;porch;dirty;;;;;gryazniy
23;instrumentality;twilight;dirty;;;;;gryazniy
23;instrumentality;tarpaulin;dirty;;;;;gryazniy
23;instrumentality;bar;dirty;;;;;gryazniy
23;instrumentality;moscow;dirty;;;;;gryazniy
23;instrumentality;trickle;dirty;;;;;gryazniy
23;instrumentality;bargaining;dirty;;;;;gryazniy
23;instrumentality;heel;dirty;;;;;gryazniy
23;instrumentality;spoon;dirty;;;;;gryazniy
23;instrumentality;suspicion;dirty;;;;;gryazniy
23;instrumentality;feather;dirty;;;;;gryazniy
24;person;doorstep;dirty;;;;;
24;person;hamlet;dirty;;;;;
24;person;john;dirty;;;;;
24;person;buffalo;dirty;;;;;
24;person;pension;dirty;;;;;
24;person;plug;dirty;;;;;
24;person;season;dirty;;;;;
24;person;item;dirty;;;;;
24;person;march;dirty;;;;;
24;person;department;dirty;;;;;
24;person;punk;dirty;;;;;
24;person;pullover;dirty;;;;;
24;person;satin;dirty;;;;;
24;person;thatch;dirty;;;;;
24;person;pie;dirty;;;;;
24;person;divan;dirty;;;;;
24;person;decade;dirty;;;;;
24;person;fleece;dirty;;;;;
24;person;polo;dirty;;;;;
24;person;mackintosh;dirty;;;;;
24;person;underbelly;dirty;;;;;
24;person;slipper;dirty;;;;;
24;person;blackness;dirty;;;;;
24;person;rent;dirty;;;;;
24;person;pun;dirty;;;;;
24;person;manila;dirty;;;;;
24;person;sun;dirty;;;;;
24;person;glare;dirty;;;;;
24;person;dishrag;dirty;;;;;
24;person;pawn;dirty;;;;;
24;person;bracegirdle;dirty;;;;;
24;person;rivulet;dirty;;;;;
24;person;clergyman;dirty;;;;;
24;person;guide;dirty;;;;;
24;person;seawater;dirty;;;;;
24;person;parcel;dirty;;;;;
24;person;d;dirty;;;;;
24;person;daylight;dirty;;;;;
24;person;v;dirty;;;;;
24;person;cuff;dirty;;;;;
24;person;pockethandkerchief;dirty;;;;;
24;person;greaser;dirty;;;;;
24;person;martini;dirty;;;;;
24;person;materialism;dirty;;;;;
24;person;shilling;dirty;;;;;
24;person;beat;dirty;;;;;
24;person;hammock;dirty;;;;;
24;person;hun;dirty;;;;;
24;person;sari;dirty;;;;;
24;person;bronze;dirty;;;;;
24;person;cane;dirty;;;;;
24;person;collier;dirty;;;;;
24;person;tooth;dirty;;;;;
24;person;pallor;dirty;;;;;
24;person;scut;dirty;;;;;
24;person;skunks;dirty;;;;;
24;person;boxer;dirty;;;;;
24;person;crown;dirty;;;;;
24;person;harness;dirty;;;;;
24;person;employment;dirty;;;;;
24;person;bridge;dirty;;;;;
24;person;swindler;dirty;;;;;
24;person;ticket;dirty;;;;;
24;person;slag;dirty;;;;;
24;person;jeep;dirty;;;;;
24;person;fee;dirty;;;;;
24;person;mosquito;dirty;;;;;
24;person;infantry;dirty;;;;;
24;person;dime;dirty;;;;;
24;person;beak;dirty;;;;;
24;person;mischief;dirty;;;;;
24;person;caftan;dirty;;;;;
24;person;tanker;dirty;;;;;
24;person;mouse;dirty;;;;;
24;person;forest;dirty;;;;;
24;person;cabbage;dirty;;;;;
24;person;workman;dirty;;;;;
24;person;sucker;dirty;;;;;
24;person;toga;dirty;;;;;
24;person;exudate;dirty;;;;;
24;person;disk;dirty;;;;;
24;person;ammunition;dirty;;;;;
24;person;scrape;dirty;;;;;
24;person;digging;dirty;;;;;
24;person;bra;dirty;;;;;
24;person;crook;dirty;;;;;
24;person;chin;dirty;;;;;
24;person;poacher;dirty;;;;;
24;person;glow;dirty;;;;;
24;person;player;dirty;;;;;
24;person;runoff;dirty;;;;;
24;person;neon;dirty;;;;;
24;person;runner;dirty;;;;;
24;person;bookshop;dirty;;;;;
24;person;refrigerator;dirty;;;;;
24;person;relay;dirty;;;;;
24;person;cousin;dirty;;;;;
24;person;renegade;dirty;;;;;
24;person;introduction;dirty;;;;;
24;person;undies;dirty;;;;;
24;person;squealer;dirty;;;;;
24;person;tartan;dirty;;;;;
24;person;sandstone;dirty;;;;;
24;person;donkey;dirty;;;;;
24;person;blacksmith;dirty;;;;;
24;person;underclothing;dirty;;;;;
24;person;beam;dirty;;;;;
24;person;expanse;dirty;;;;;
24;person;seam;dirty;;;;;
24;person;stratagem;dirty;;;;;
24;person;speck;dirty;;;;;
24;person;populace;dirty;;;;;
24;person;grocery;dirty;;;;;
24;person;castle;dirty;;;;;
24;person;lady;dirty;;;;;
24;person;ride;dirty;;;;;
24;person;complexion;dirty;;;;;
24;person;metropolis;dirty;;;;;
24;person;softness;dirty;;;;;
24;person;value;dirty;;;;;
24;person;dwarf;dirty;;;;;
24;person;pence;dirty;;;;;
24;person;sailor;dirty;;;;;
24;person;wog;dirty;;;;;
24;person;belt;dirty;;;;;
24;person;windscreen;dirty;;;;;
24;person;portion;dirty;;;;;
24;person;tshirt;dirty;;;;;
24;person;england;dirty;;;;;
24;person;pound;dirty;;;;;
24;person;wife;dirty;;;;;
24;person;database;dirty;;;;;
24;person;varmint;dirty;;;;;
24;person;breast;dirty;;;;;
24;person;tire;dirty;;;;;
24;person;rush;dirty;;;;;
24;person;prostitution;dirty;;;;;
24;person;upholstery;dirty;;;;;
24;person;outline;dirty;;;;;
24;person;bludgeon;dirty;;;;;
24;person;imprint;dirty;;;;;
24;person;nylon;dirty;;;;;
24;person;brow;dirty;;;;;
24;person;border;dirty;;;;;
24;person;reflection;dirty;;;;;
24;person;swing;dirty;;;;;
24;person;bust;dirty;;;;;
24;person;malice;dirty;;;;;
24;person;guitar;dirty;;;;;
24;person;breeze;dirty;;;;;
24;person;clod;dirty;;;;;
24;person;faction;dirty;;;;;
24;person;suitcase;dirty;;;;;
24;person;whelp;dirty;;;;;
24;person;undergarment;dirty;;;;;
24;person;granite;dirty;;;;;
24;person;mail;dirty;;;;;
24;person;campaigning;dirty;;;;;
24;person;dampness;dirty;;;;;
24;person;tube;dirty;;;;;
24;person;wrapping;dirty;;;;;
24;person;b;dirty;;;;;
24;person;inlet;dirty;;;;;
24;person;crepe;dirty;;;;;
24;person;parlour;dirty;;;;;
24;person;kettle;dirty;;;;;
24;person;valley;dirty;;;;;
24;person;wrapper;dirty;;;;;
24;person;causeway;dirty;;;;;
24;person;seersucker;dirty;;;;;
24;person;hydrogen;dirty;;;;;
24;person;substitute;dirty;;;;;
24;person;mush;dirty;;;;;
24;person;stripe;dirty;;;;;
24;person;muffler;dirty;;;;;
24;person;utility;dirty;;;;;
24;person;ingratitude;dirty;;;;;
24;person;testing;dirty;;;;;
24;person;gyp;dirty;;;;;
24;person;calabash;dirty;;;;;
24;person;spalpeen;dirty;;;;;
24;person;angel;dirty;;;;;
24;person;halo;dirty;;;;;
24;person;housecoat;dirty;;;;;
24;person;sail;dirty;;;;;
24;person;sunlight;dirty;;;;;
24;person;maintenance;dirty;;;;;
24;person;coloration;dirty;;;;;
24;person;vinyl;dirty;;;;;
24;person;range;dirty;;;;;
24;person;length;dirty;;;;;
24;person;keffiah;dirty;;;;;
24;person;abrasion;dirty;;;;;
24;person;fuckin;dirty;;;;;
24;person;coolant;dirty;;;;;
24;person;poncho;dirty;;;;;
24;person;catheter;dirty;;;;;
24;person;chuckle;dirty;;;;;
24;person;hearth;dirty;;;;;
24;person;lens;dirty;;;;;
24;person;lung;dirty;;;;;
24;person;petrol;dirty;;;;;
24;person;price;dirty;;;;;
24;person;injection;dirty;;;;;
24;person;pathway;dirty;;;;;
24;person;trading;dirty;;;;;
24;person;polack;dirty;;;;;
24;person;cowl;dirty;;;;;
24;person;pencil;dirty;;;;;
24;person;molasses;dirty;;;;;
24;person;scullion;dirty;;;;;
24;person;educationist;dirty;;;;;
24;person;fort;dirty;;;;;
24;person;treachery;dirty;;;;;
24;person;deuce;dirty;;;;;
24;person;footprint;dirty;;;;;
24;person;glance;dirty;;;;;
24;person;overview;dirty;;;;;
24;person;prairie;dirty;;;;;
24;person;usage;dirty;;;;;
24;person;wake;dirty;;;;;
24;person;assembly;dirty;;;;;
24;person;infighting;dirty;;;;;
24;person;chef;dirty;;;;;
24;person;farmhouse;dirty;;;;;
24;person;turpentine;dirty;;;;;
24;person;tableware;dirty;;;;;
24;person;access;dirty;;;;;
24;person;stucco;dirty;;;;;
24;person;soap;dirty;;;;;
24;person;pillar;dirty;;;;;
24;person;battery;dirty;;;;;
24;person;schooner;dirty;;;;;
24;person;foolscap;dirty;;;;;
24;person;corduroy;dirty;;;;;
24;person;wink;dirty;;;;;
24;person;loafer;dirty;;;;;
24;person;flea;dirty;;;;;
24;person;huddle;dirty;;;;;
24;person;motor;dirty;;;;;
24;person;rim;dirty;;;;;
24;person;gunny;dirty;;;;;
24;person;student;dirty;;;;;
24;person;cobbler;dirty;;;;;
24;person;rubble;dirty;;;;;
24;person;couple;dirty;;;;;
24;person;tack;dirty;;;;;
24;person;duckweed;dirty;;;;;
24;person;knickers;dirty;;;;;
24;person;packet;dirty;;;;;
24;person;hunting;dirty;;;;;
24;person;block;dirty;;;;;
24;person;macaroni;dirty;;;;;
24;person;dawg;dirty;;;;;
24;person;tar;dirty;;;;;
24;person;tick;dirty;;;;;
24;person;togetherness;dirty;;;;;
24;person;windbreaker;dirty;;;;;
24;person;personage;dirty;;;;;
24;person;drift;dirty;;;;;
24;person;waterway;dirty;;;;;
24;person;doublecrosser;dirty;;;;;
24;person;britches;dirty;;;;;
24;person;depot;dirty;;;;;
24;person;nightdress;dirty;;;;;
24;person;anything;dirty;;;;;
24;person;duty;dirty;;;;;
24;person;team;dirty;;;;;
24;person;lamp;dirty;;;;;
24;person;j;dirty;;;;;
24;person;borough;dirty;;;;;
24;person;explanation;dirty;;;;;
24;person;volume;dirty;;;;;
24;person;reservoir;dirty;;;;;
24;person;irishman;dirty;;;;;
24;person;facade;dirty;;;;;
24;person;umbrella;dirty;;;;;
24;person;aquarium;dirty;;;;;
24;person;greek;dirty;;;;;
24;person;wheelbarrow;dirty;;;;;
24;person;surplice;dirty;;;;;
24;person;menu;dirty;;;;;
24;person;parish;dirty;;;;;
24;person;sump;dirty;;;;;
24;person;verse;dirty;;;;;
24;person;windowpane;dirty;;;;;
24;person;label;dirty;;;;;
24;person;forearm;dirty;;;;;
24;person;bedsheet;dirty;;;;;
24;person;moleskin;dirty;;;;;
24;person;scarves;dirty;;;;;
24;person;pickle;dirty;;;;;
24;person;automobile;dirty;;;;;
24;person;occasion;dirty;;;;;
24;person;bedspread;dirty;;;;;
24;person;nursery;dirty;;;;;
24;person;scullery;dirty;;;;;
24;person;smirk;dirty;;;;;
24;person;airplane;dirty;;;;;
24;person;nurse;dirty;;;;;
24;person;scribbler;dirty;;;;;
24;person;dishcloth;dirty;;;;;
24;person;housedress;dirty;;;;;
24;person;turnspit;dirty;;;;;
24;person;whitewash;dirty;;;;;
24;person;raggedness;dirty;;;;;
24;person;gravel;dirty;;;;;
24;person;roller;dirty;;;;;
24;person;medium;dirty;;;;;
24;person;honey;dirty;;;;;
24;person;blackboard;dirty;;;;;
24;person;demagogue;dirty;;;;;
24;person;flue;dirty;;;;;
24;person;ghost;dirty;;;;;
24;person;club;dirty;;;;;
24;person;hue;dirty;;;;;
24;person;comparison;dirty;;;;;
24;person;apparatus;dirty;;;;;
24;person;index;dirty;;;;;
24;person;regime;dirty;;;;;
24;person;smokestack;dirty;;;;;
24;person;duffel;dirty;;;;;
24;person;freighter;dirty;;;;;
24;person;curb;dirty;;;;;
24;person;terminal;dirty;;;;;
24;person;stunt;dirty;;;;;
24;person;toe;dirty;;;;;
24;person;coach;dirty;;;;;
24;person;coverall;dirty;;;;;
24;person;aluminum;dirty;;;;;
24;person;fortune;dirty;;;;;
24;person;salmon;dirty;;;;;
24;person;syringe;dirty;;;;;
24;person;labourer;dirty;;;;;
24;person;poodle;dirty;;;;;
24;person;hemp;dirty;;;;;
24;person;roadway;dirty;;;;;
24;person;bop;dirty;;;;;
24;person;generation;dirty;;;;;
24;person;wedding;dirty;;;;;
24;person;belcher;dirty;;;;;
24;person;dutchman;dirty;;;;;
24;person;typewriter;dirty;;;;;
24;person;posada;dirty;;;;;
24;person;fingerprint;dirty;;;;;
24;person;device;dirty;;;;;
24;person;november;dirty;;;;;
24;person;blackmailer;dirty;;;;;
24;person;ribbon;dirty;;;;;
24;person;slap;dirty;;;;;
24;person;colony;dirty;;;;;
24;person;dick;dirty;;;;;
24;person;machinery;dirty;;;;;
24;person;pouch;dirty;;;;;
24;person;ditty;dirty;;;;;
24;person;newsprint;dirty;;;;;
24;person;poetry;dirty;;;;;
24;person;manger;dirty;;;;;
24;person;cereal;dirty;;;;;
24;person;surgery;dirty;;;;;
24;person;perspective;dirty;;;;;
24;person;ambition;dirty;;;;;
24;person;tomorrow;dirty;;;;;
24;person;photograph;dirty;;;;;
24;person;kimono;dirty;;;;;
24;person;trickster;dirty;;;;;
24;person;vegetable;dirty;;;;;
24;person;sneaker;dirty;;;;;
24;person;bandit;dirty;;;;;
24;person;cache;dirty;;;;;
24;person;t'eef;dirty;;;;;
24;person;ledger;dirty;;;;;
24;person;tug;dirty;;;;;
24;person;mine;dirty;;;;;
24;person;taxi;dirty;;;;;
24;person;transport;dirty;;;;;
24;person;kitten;dirty;;;;;
24;person;snowball;dirty;;;;;
24;person;member;dirty;;;;;
24;person;shred;dirty;;;;;
24;person;elephant;dirty;;;;;
24;person;limerick;dirty;;;;;
24;person;wisp;dirty;;;;;
24;person;soccer;dirty;;;;;
24;person;bomber;dirty;;;;;
24;person;discomfort;dirty;;;;;
24;person;porter;dirty;;;;;
24;person;palace;dirty;;;;;
24;person;panama;dirty;;;;;
24;person;friar;dirty;;;;;
24;person;beau;dirty;;;;;
24;person;tinge;dirty;;;;;
24;person;shelf;dirty;;;;;
24;person;skillet;dirty;;;;;
24;person;lino;dirty;;;;;
24;person;idiot;dirty;;;;;
24;person;carburetor;dirty;;;;;
24;person;doormat;dirty;;;;;
24;person;guerrilla;dirty;;;;;
24;person;coke;dirty;;;;;
24;person;tyrant;dirty;;;;;
24;person;puncture;dirty;;;;;
24;person;pad;dirty;;;;;
24;person;pocketbook;dirty;;;;;
24;person;ore;dirty;;;;;
24;person;puppy;dirty;;;;;
24;person;december;dirty;;;;;
24;person;comforter;dirty;;;;;
24;person;milksop;dirty;;;;;
24;person;haversack;dirty;;;;;
24;person;moustache;dirty;;;;;
24;person;stop;dirty;;;;;
24;person;fuel;dirty;;;;;
24;person;airport;dirty;;;;;
24;person;saddle;dirty;;;;;
24;person;cutlery;dirty;;;;;
24;person;tint;dirty;;;;;
24;person;recording;dirty;;;;;
24;person;varnish;dirty;;;;;
24;person;iceball;dirty;;;;;
24;person;dupe;dirty;;;;;
24;person;consideration;dirty;;;;;
24;person;bathwater;dirty;;;;;
24;person;cauliflower;dirty;;;;;
24;person;journey;dirty;;;;;
24;person;burner;dirty;;;;;
24;person;hackney;dirty;;;;;
24;person;charcoal;dirty;;;;;
24;person;toil;dirty;;;;;
24;person;backside;dirty;;;;;
24;person;dope;dirty;;;;;
24;person;evaporator;dirty;;;;;
24;person;cartridge;dirty;;;;;
24;person;cabal;dirty;;;;;
24;person;assessment;dirty;;;;;
24;person;procession;dirty;;;;;
24;person;enamel;dirty;;;;;
24;person;x;dirty;;;;;
24;person;slovenliness;dirty;;;;;
24;person;campaigner;dirty;;;;;
24;person;tariffication;dirty;;;;;
24;person;shirtsleeve;dirty;;;;;
24;person;fingertip;dirty;;;;;
24;person;filter;dirty;;;;;
24;person;fatigue;dirty;;;;;
24;person;chintz;dirty;;;;;
24;person;bill;dirty;;;;;
24;person;faggot;dirty;;;;;
24;person;position;dirty;;;;;
24;person;ignoramus;dirty;;;;;
24;person;offspring;dirty;;;;;
24;person;dessert;dirty;;;;;
24;person;armchair;dirty;;;;;
24;person;barrow;dirty;;;;;
24;person;mechanic;dirty;;;;;
24;person;drive;dirty;;;;;
24;person;counterpane;dirty;;;;;
24;person;cross;dirty;;;;;
24;person;survey;dirty;;;;;
24;person;stinker;dirty;;;;;
24;person;bonnet;dirty;;;;;
24;person;plank;dirty;;;;;
24;person;tv;dirty;;;;;
24;person;pitcher;dirty;;;;;
24;person;midwife;dirty;;;;;
24;person;journalism;dirty;;;;;
24;person;frog;dirty;;;;;
24;person;skill;dirty;;;;;
24;person;cuss;dirty;;;;;
24;person;barroom;dirty;;;;;
24;person;month;dirty;;;;;
24;person;cafeteria;dirty;;;;;
24;person;velvet;dirty;;;;;
24;person;news;dirty;;;;;
24;person;lookin;dirty;;;;;
24;person;mill;dirty;;;;;
24;person;washcloth;dirty;;;;;
24;person;kit;dirty;;;;;
24;person;saint;dirty;;;;;
24;person;parchment;dirty;;;;;
24;person;bess;dirty;;;;;
24;person;muslin;dirty;;;;;
24;person;spade;dirty;;;;;
24;person;plaza;dirty;;;;;
24;person;thrick;dirty;;;;;
24;person;gym;dirty;;;;;
24;person;processing;dirty;;;;;
24;person;pannikin;dirty;;;;;
24;person;license;dirty;;;;;
24;person;lumber;dirty;;;;;
24;person;buffer;dirty;;;;;
24;person;ladder;dirty;;;;;
24;person;burn;dirty;;;;;
24;person;bib;dirty;;;;;
24;person;drink;dirty;;;;;
24;person;hill;dirty;;;;;
24;person;casting;dirty;;;;;
24;person;location;dirty;;;;;
24;person;american;dirty;;;;;
24;person;radiator;dirty;;;;;
24;person;root;dirty;;;;;
24;person;jug;dirty;;;;;
24;person;jean;dirty;;;;;
24;person;popularity;dirty;;;;;
24;person;cutting;dirty;;;;;
24;person;thrill;dirty;;;;;
24;person;housework;dirty;;;;;
24;person;travel;dirty;;;;;
24;person;hairbrush;dirty;;;;;
24;person;candle;dirty;;;;;
24;person;fighter;dirty;;;;;
24;person;king;dirty;;;;;
24;person;nightcap;dirty;;;;;
24;person;comedy;dirty;;;;;
24;person;backwash;dirty;;;;;
24;person;hickory;dirty;;;;;
24;person;burrow;dirty;;;;;
24;person;errand;dirty;;;;;
24;person;bubble;dirty;;;;;
24;person;hosen;dirty;;;;;
24;person;skull;dirty;;;;;
24;person;rifle;dirty;;;;;
24;person;clot;dirty;;;;;
24;person;utensil;dirty;;;;;
24;person;kaffir;dirty;;;;;
24;person;evaluation;dirty;;;;;
24;person;footwear;dirty;;;;;
24;person;snowbank;dirty;;;;;
24;person;swimming;dirty;;;;;
24;person;waif;dirty;;;;;
24;person;injector;dirty;;;;;
24;person;storefront;dirty;;;;;
24;person;plume;dirty;;;;;
24;person;sheriff;dirty;;;;;
24;person;toothbrush;dirty;;;;;
24;person;rinse;dirty;;;;;
24;person;comrade;dirty;;;;;
24;person;swab;dirty;;;;;
24;person;furnace;dirty;;;;;
24;person;basketball;dirty;;;;;
24;person;statue;dirty;;;;;
24;person;tool;dirty;;;;;
24;person;anarchist;dirty;;;;;
24;person;bulb;dirty;;;;;
24;person;seaport;dirty;;;;;
24;person;poultry;dirty;;;;;
24;person;buck;dirty;;;;;
24;person;cheese;dirty;;;;;
24;person;backpack;dirty;;;;;
24;person;puss;dirty;;;;;
24;person;silverware;dirty;;;;;
24;person;scamp;dirty;;;;;
24;person;neckerchief;dirty;;;;;
24;person;pole;dirty;;;;;
24;person;jelly;dirty;;;;;
24;person;moss;dirty;;;;;
24;person;booth;dirty;;;;;
24;person;hose;dirty;;;;;
24;person;mick;dirty;;;;;
24;person;stoop;dirty;;;;;
24;person;sackcloth;dirty;;;;;
24;person;phase;dirty;;;;;
24;person;crankcase;dirty;;;;;
24;person;anteroom;dirty;;;;;
24;person;bamboo;dirty;;;;;
24;person;jealousy;dirty;;;;;
24;person;trowel;dirty;;;;;
24;person;valve;dirty;;;;;
24;person;doghole;dirty;;;;;
24;person;week;dirty;;;;;
24;person;ford;dirty;;;;;
24;person;wellington;dirty;;;;;
24;person;delivery;dirty;;;;;
24;person;condenser;dirty;;;;;
24;person;magnificence;dirty;;;;;
24;person;glacier;dirty;;;;;
24;person;engineer;dirty;;;;;
24;person;entry;dirty;;;;;
24;person;shot;dirty;;;;;
24;person;uncle;dirty;;;;;
24;person;crop;dirty;;;;;
24;person;crockery;dirty;;;;;
24;person;luggage;dirty;;;;;
24;person;sign;dirty;;;;;
24;person;justice;dirty;;;;;
24;person;pigeon;dirty;;;;;
24;person;bookseller;dirty;;;;;
24;person;balloon;dirty;;;;;
24;person;nozzle;dirty;;;;;
24;person;engagement;dirty;;;;;
24;person;gentleman;dirty;;;;;
24;person;status;dirty;;;;;
24;person;seaweed;dirty;;;;;
24;person;downtown;dirty;;;;;
24;person;cylinder;dirty;;;;;
24;person;r;dirty;;;;;
24;person;killer;dirty;;;;;
24;person;dutch;dirty;;;;;
24;person;liver;dirty;;;;;
24;person;mysticism;dirty;;;;;
24;person;distance;dirty;;;;;
24;person;necktie;dirty;;;;;
24;person;hook;dirty;;;;;
24;person;supper;dirty;;;;;
24;person;policeman;dirty;;;;;
24;person;camouflage;dirty;;;;;
24;person;schoolboy;dirty;;;;;
24;person;gipsy;dirty;;;;;
24;person;candy;dirty;;;;;
24;person;sombrero;dirty;;;;;
24;person;nazi;dirty;;;;;
24;person;glassware;dirty;;;;;
24;person;poker;dirty;;;;;
24;person;kilt;dirty;;;;;
24;person;driver;dirty;;;;;
24;person;tumbler;dirty;;;;;
24;person;pacifier;dirty;;;;;
24;person;tip;dirty;;;;;
24;person;plywood;dirty;;;;;
24;person;fix;dirty;;;;;
24;person;sarong;dirty;;;;;
24;person;collector;dirty;;;;;
24;person;control;dirty;;;;;
24;person;stare;dirty;;;;;
24;person;bosom;dirty;;;;;
24;person;steamboat;dirty;;;;;
24;person;grain;dirty;;;;;
24;person;scalp;dirty;;;;;
24;person;arse;dirty;;;;;
24;person;heating;dirty;;;;;
24;person;bullet;dirty;;;;;
24;person;smartness;dirty;;;;;
24;person;evasion;dirty;;;;;
24;person;shoulder;dirty;;;;;
24;person;goddess;dirty;;;;;
24;person;rig;dirty;;;;;
24;person;hankie;dirty;;;;;
24;person;razor;dirty;;;;;
24;person;chap;dirty;;;;;
24;person;twist;dirty;;;;;
24;person;dublin;dirty;;;;;
24;person;neckcloth;dirty;;;;;
24;person;motherfucker;dirty;;;;;
24;person;attorney;dirty;;;;;
24;person;fireplace;dirty;;;;;
24;person;fucker;dirty;;;;;
24;person;mercury;dirty;;;;;
24;person;pinafore;dirty;;;;;
24;person;petticoat;dirty;;;;;
24;person;allusion;dirty;;;;;
24;person;leaf;dirty;;;;;
24;person;input;dirty;;;;;
24;person;shutdown;dirty;;;;;
24;person;cricket;dirty;;;;;
24;person;pilgrim;dirty;;;;;
24;person;switch;dirty;;;;;
24;person;cake;dirty;;;;;
24;person;batch;dirty;;;;;
24;person;carrot;dirty;;;;;
24;person;lobby;dirty;;;;;
24;person;elevator;dirty;;;;;
24;person;schoolroom;dirty;;;;;
24;person;jilt;dirty;;;;;
24;person;bilge;dirty;;;;;
24;person;glasgow;dirty;;;;;
24;person;globe;dirty;;;;;
24;person;gypsy;dirty;;;;;
24;person;call;dirty;;;;;
24;person;clock;dirty;;;;;
24;person;pickup;dirty;;;;;
24;person;trollop;dirty;;;;;
24;person;paraffin;dirty;;;;;
24;person;backwater;dirty;;;;;
24;person;unit;dirty;;;;;
24;person;stairwell;dirty;;;;;
24;person;goose;dirty;;;;;
24;person;whiteness;dirty;;;;;
24;person;wharf;dirty;;;;;
24;person;eraser;dirty;;;;;
24;person;tactic;dirty;;;;;
24;person;veil;dirty;;;;;
24;person;wop;dirty;;;;;
24;person;flock;dirty;;;;;
24;person;campsite;dirty;;;;;
24;person;apple;dirty;;;;;
24;person;drill;dirty;;;;;
24;person;adobe;dirty;;;;;
24;person;jordan;dirty;;;;;
24;person;suds;dirty;;;;;
24;person;obscurity;dirty;;;;;
24;person;prototype;dirty;;;;;
24;person;pajama;dirty;;;;;
24;person;necrosis;dirty;;;;;
24;person;stubble;dirty;;;;;
24;person;hanky;dirty;;;;;
24;person;thumbnail;dirty;;;;;
24;person;coverlet;dirty;;;;;
24;person;trickery;dirty;;;;;
24;person;giggle;dirty;;;;;
24;person;schlafrock;dirty;;;;;
24;person;tapestry;dirty;;;;;
24;person;measure;dirty;;;;;
24;person;roger;dirty;;;;;
24;person;regimentals;dirty;;;;;
24;person;waistcoat;dirty;;;;;
24;person;review;dirty;;;;;
24;person;artifice;dirty;;;;;
24;person;coif;dirty;;;;;
24;person;frontier;dirty;;;;;
24;person;lingerie;dirty;;;;;
24;person;praise;dirty;;;;;
24;person;jade;dirty;;;;;
24;person;post;dirty;;;;;
24;person;lenin;dirty;;;;;
24;person;leer;dirty;;;;;
24;person;slattern;dirty;;;;;
24;person;hermit;dirty;;;;;
24;person;rue;dirty;;;;;
24;person;protest;dirty;;;;;
24;person;aura;dirty;;;;;
24;person;annuity;dirty;;;;;
24;person;quartz;dirty;;;;;
24;person;fan;dirty;;;;;
24;person;gasoline;dirty;;;;;
24;person;expedition;dirty;;;;;
24;person;parson;dirty;;;;;
24;person;fink;dirty;;;;;
24;person;coyote;dirty;;;;;
24;person;industry;dirty;;;;;
24;person;brass;dirty;;;;;
24;person;parking;dirty;;;;;
24;person;combustion;dirty;;;;;
24;person;shovel;dirty;;;;;
24;person;santa;dirty;;;;;
24;person;golf;dirty;;;;;
24;person;configuration;dirty;;;;;
24;person;afternoon;dirty;;;;;
24;person;lard;dirty;;;;;
24;person;englishman;dirty;;;;;
24;person;daughter;dirty;;;;;
24;person;iceberg;dirty;;;;;
24;person;sunset;dirty;;;;;
24;person;farmer;dirty;;;;;
24;person;training;dirty;;;;;
24;person;windowsill;dirty;;;;;
24;person;wallet;dirty;;;;;
24;person;purse;dirty;;;;;
24;person;dozen;dirty;;;;;
24;person;chemise;dirty;;;;;
24;person;barge;dirty;;;;;
24;person;gallery;dirty;;;;;
24;person;courtroom;dirty;;;;;
24;person;spite;dirty;;;;;
24;person;card;dirty;;;;;
24;person;trenchcoat;dirty;;;;;
24;person;challenge;dirty;;;;;
24;person;chink;dirty;;;;;
24;person;chunk;dirty;;;;;
24;person;knavery;dirty;;;;;
24;person;bow;dirty;;;;;
24;person;combat;dirty;;;;;
24;person;insulation;dirty;;;;;
24;person;cinder;dirty;;;;;
24;person;lad;dirty;;;;;
24;person;vacuum;dirty;;;;;
24;person;rule;dirty;;;;;
24;person;blow;dirty;;;;;
24;person;gamin;dirty;;;;;
24;person;scud;dirty;;;;;
24;person;bob;dirty;;;;;
24;person;sling;dirty;;;;;
24;person;sector;dirty;;;;;
24;person;firewood;dirty;;;;;
24;person;dame;dirty;;;;;
24;person;energy;dirty;;;;;
24;person;slate;dirty;;;;;
24;person;boston;dirty;;;;;
24;person;gateway;dirty;;;;;
24;person;chatter;dirty;;;;;
24;person;needle;dirty;;;;;
24;person;beatnik;dirty;;;;;
24;person;strainer;dirty;;;;;
24;person;ocean;dirty;;;;;
24;person;bacon;dirty;;;;;
24;person;agent;dirty;;;;;
24;person;something;dirty;;;;;
24;person;stinkin;dirty;;;;;
24;person;nuke;dirty;;;;;
24;person;penis;dirty;;;;;
24;person;transaction;dirty;;;;;
24;person;marketplace;dirty;;;;;
24;person;pudding;dirty;;;;;
24;person;roll;dirty;;;;;
24;person;neighbor;dirty;;;;;
24;person;acquaintance;dirty;;;;;
24;person;dialogue;dirty;;;;;
24;person;mustard;dirty;;;;;
24;person;orb;dirty;;;;;
24;person;squad;dirty;;;;;
24;person;brickwork;dirty;;;;;
24;person;summary;dirty;;;;;
24;person;move;dirty;;;;;
24;person;ugliness;dirty;;;;;
24;person;smudge;dirty;;;;;
24;person;screw;dirty;;;;;
24;person;gingham;dirty;;;;;
24;person;playground;dirty;;;;;
24;person;approximation;dirty;;;;;
24;person;secretion;dirty;;;;;
24;person;tallow;dirty;;;;;
24;person;sparrow;dirty;;;;;
24;person;mistreater;dirty;;;;;
24;person;ruff;dirty;;;;;
24;person;diplomacy;dirty;;;;;
24;person;riffraff;dirty;;;;;
24;person;f;dirty;;;;;
24;person;bike;dirty;;;;;
24;person;jar;dirty;;;;;
24;person;lover;dirty;;;;;
24;person;guinea;dirty;;;;;
24;person;theater;dirty;;;;;
24;person;newsboy;dirty;;;;;
24;person;settlement;dirty;;;;;
24;person;serape;dirty;;;;;
24;person;strategy;dirty;;;;;
24;person;snigger;dirty;;;;;
24;person;clothesbasket;dirty;;;;;
24;person;report;dirty;;;;;
24;person;pice;dirty;;;;;
24;person;cravat;dirty;;;;;
24;person;route;dirty;;;;;
24;person;meanness;dirty;;;;;
24;person;fragment;dirty;;;;;
24;person;platter;dirty;;;;;
24;person;currency;dirty;;;;;
24;person;realist;dirty;;;;;
24;person;hunger;dirty;;;;;
24;person;besse;dirty;;;;;
24;person;queue;dirty;;;;;
24;person;cable;dirty;;;;;
24;person;football;dirty;;;;;
24;person;keyboard;dirty;;;;;
24;person;tie;dirty;;;;;
24;person;rap;dirty;;;;;
24;person;swindle;dirty;;;;;
24;person;stetson;dirty;;;;;
24;person;electrode;dirty;;;;;
24;person;advertising;dirty;;;;;
24;person;skullcap;dirty;;;;;
24;person;estimate;dirty;;;;;
24;person;calumny;dirty;;;;;
24;person;wrist;dirty;;;;;
24;person;definition;dirty;;;;;
24;person;laborer;dirty;;;;;
24;person;lawn;dirty;;;;;
24;person;leg;dirty;;;;;
24;person;hoop;dirty;;;;;
24;person;telephone;dirty;;;;;
24;person;beet;dirty;;;;;
24;person;pine;dirty;;;;;
24;person;dancer;dirty;;;;;
24;person;lather;dirty;;;;;
24;person;virtue;dirty;;;;;
24;person;chambermaid;dirty;;;;;
24;person;kleenex;dirty;;;;;
24;person;piazza;dirty;;;;;
24;person;scramble;dirty;;;;;
24;person;jap;dirty;;;;;
24;person;probe;dirty;;;;;
24;person;fag;dirty;;;;;
24;person;sloven;dirty;;;;;
24;person;dishtowel;dirty;;;;;
24;person;tow;dirty;;;;;
24;person;landlady;dirty;;;;;
24;person;tyke;dirty;;;;;
24;person;column;dirty;;;;;
24;person;customer;dirty;;;;;
24;person;bolshevik;dirty;;;;;
24;person;jack;dirty;;;;;
24;person;drudge;dirty;;;;;
24;person;mex;dirty;;;;;
24;person;redskin;dirty;;;;;
24;person;perch;dirty;;;;;
24;person;mac;dirty;;;;;
24;person;toy;dirty;;;;;
24;person;cocksucker;dirty;;;;;
24;person;growth;dirty;;;;;
24;person;trip;dirty;;;;;
24;person;furniture;dirty;;;;;
24;person;youngster;dirty;;;;;
24;person;pepper;dirty;;;;;
24;person;warfare;dirty;;;;;
24;person;test;dirty;;;;;
24;person;sweep;dirty;;;;;
24;person;guardroom;dirty;;;;;
24;person;gum;dirty;;;;;
24;person;miner;dirty;;;;;
24;person;china;dirty;;;;;
24;person;bay;dirty;;;;;
24;person;lantern;dirty;;;;;
24;person;cavity;dirty;;;;;
24;person;fisherman;dirty;;;;;
24;person;turn;dirty;;;;;
24;person;egg;dirty;;;;;
24;person;toothpick;dirty;;;;;
24;person;hardwood;dirty;;;;;
24;person;administration;dirty;;;;;
24;person;intelligence;dirty;;;;;
24;person;maid;dirty;;;;;
24;person;silence;dirty;;;;;
24;person;teddy;dirty;;;;;
24;person;penny;dirty;;;;;
24;person;waiter;dirty;;;;;
24;person;pastime;dirty;;;;;
24;person;commutator;dirty;;;;;
24;person;grub;dirty;;;;;
24;person;sash;dirty;;;;;
24;person;dogskin;dirty;;;;;
24;person;teacup;dirty;;;;;
24;person;flame;dirty;;;;;
24;person;commodity;dirty;;;;;
24;person;cheater;dirty;;;;;
24;person;number;dirty;;;;;
24;person;helmet;dirty;;;;;
24;person;fuzz;dirty;;;;;
24;person;membrane;dirty;;;;;
24;person;pall;dirty;;;;;
24;person;limestone;dirty;;;;;
24;person;rail;dirty;;;;;
24;person;saucer;dirty;;;;;
24;person;ankle;dirty;;;;;
24;person;fuck;dirty;;;;;
24;person;tissue;dirty;;;;;
24;person;serum;dirty;;;;;
24;person;underside;dirty;;;;;
24;person;cowboy;dirty;;;;;
24;person;streak;dirty;;;;;
24;person;tradesman;dirty;;;;;
24;person;urine;dirty;;;;;
24;person;missouri;dirty;;;;;
24;person;thread;dirty;;;;;
24;person;corn;dirty;;;;;
24;person;moon;dirty;;;;;
24;person;point;dirty;;;;;
24;person;pier;dirty;;;;;
24;person;casement;dirty;;;;;
24;person;grate;dirty;;;;;
24;person;distributor;dirty;;;;;
24;person;washrag;dirty;;;;;
24;person;carpeting;dirty;;;;;
24;person;hoof;dirty;;;;;
24;person;park;dirty;;;;;
24;person;tonight;dirty;;;;;
24;person;rind;dirty;;;;;
24;person;fishing;dirty;;;;;
24;person;petroleum;dirty;;;;;
24;person;tights;dirty;;;;;
24;person;negro;dirty;;;;;
24;person;levi;dirty;;;;;
24;person;spaniard;dirty;;;;;
24;person;ring;dirty;;;;;
24;person;mortar;dirty;;;;;
24;person;message;dirty;;;;;
24;person;informer;dirty;;;;;
24;person;rectum;dirty;;;;;
24;person;cistern;dirty;;;;;
24;person;church;dirty;;;;;
24;person;immigrant;dirty;;;;;
24;person;graft;dirty;;;;;
24;person;undershorts;dirty;;;;;
24;person;bye;dirty;;;;;
24;person;jumper;dirty;;;;;
24;person;answer;dirty;;;;;
24;person;deerskin;dirty;;;;;
24;person;ulcer;dirty;;;;;
24;person;plumage;dirty;;;;;
24;person;lint;dirty;;;;;
24;person;asshole;dirty;;;;;
24;person;warrior;dirty;;;;;
24;person;drizzle;dirty;;;;;
24;person;splendor;dirty;;;;;
24;person;yarn;dirty;;;;;
24;person;saucepan;dirty;;;;;
24;person;flour;dirty;;;;;
24;person;ol;dirty;;;;;
24;person;sexuality;dirty;;;;;
24;person;mexican;dirty;;;;;
24;person;hockey;dirty;;;;;
24;person;blade;dirty;;;;;
24;person;kerosene;dirty;;;;;
24;person;intake;dirty;;;;;
24;person;suede;dirty;;;;;
24;person;captain;dirty;;;;;
24;person;matrix;dirty;;;;;
24;person;grout;dirty;;;;;
24;person;buffoon;dirty;;;;;
24;person;vestibule;dirty;;;;;
24;person;guest;dirty;;;;;
24;person;dealer;dirty;;;;;
24;person;dago;dirty;;;;;
24;person;dairy;dirty;;;;;
24;person;sulphur;dirty;;;;;
24;person;snowdrift;dirty;;;;;
24;person;knapsack;dirty;;;;;
24;person;college;dirty;;;;;
24;person;splendour;dirty;;;;;
24;person;rotter;dirty;;;;;
24;person;cupboard;dirty;;;;;
24;person;floodwater;dirty;;;;;
24;person;stab;dirty;;;;;
24;person;ruin;dirty;;;;;
24;person;weekend;dirty;;;;;
24;person;shingle;dirty;;;;;
24;person;twine;dirty;;;;;
24;person;wheat;dirty;;;;;
24;person;fantasy;dirty;;;;;
24;person;cardigan;dirty;;;;;
24;person;connotation;dirty;;;;;
24;person;surplus;dirty;;;;;
24;person;shopping;dirty;;;;;
24;person;splinter;dirty;;;;;
24;person;wire;dirty;;;;;
24;person;register;dirty;;;;;
24;person;wrap;dirty;;;;;
24;person;bookstore;dirty;;;;;
24;person;elbow;dirty;;;;;
24;person;rectangle;dirty;;;;;
24;person;slide;dirty;;;;;
24;person;barber;dirty;;;;;
24;person;muzhik;dirty;;;;;
24;person;potato;dirty;;;;;
24;person;eel;dirty;;;;;
24;person;diamond;dirty;;;;;
24;person;robber;dirty;;;;;
24;person;supply;dirty;;;;;
24;person;mission;dirty;;;;;
25;real_property;swamp;;filthy;messy;;schmutzig;gryazniy
26;None;order;;filthy;messy;;;gryazniy
26;None;sink;;filthy;messy;;;gryazniy
26;None;litter;;filthy;messy;;;gryazniy
26;None;play;;filthy;messy;;;gryazniy
26;None;dining;;filthy;messy;;;gryazniy
26;None;look;;filthy;messy;;;gryazniy
27;psychological_state;prospect;;filthy;messy;;;
27;psychological_state;representation;;filthy;messy;;;
27;psychological_state;disarray;;filthy;messy;;;
27;psychological_state;feeling;;filthy;messy;;;
27;psychological_state;moment;;filthy;messy;;;
27;psychological_state;concoction;;filthy;messy;;;
27;psychological_state;proposition;;filthy;messy;;;
27;psychological_state;accumulation;;filthy;messy;;;
27;psychological_state;maze;;filthy;messy;;;
27;psychological_state;assortment;;filthy;messy;;;
27;psychological_state;stew;;filthy;messy;;;
27;psychological_state;feeding;;filthy;messy;;;
28;None;stall;;filthy;;;schmutzig;
28;None;rite;;filthy;;;schmutzig;
29;None;vulgarity;;filthy;;;;gryazniy
29;None;brew;;filthy;;;;gryazniy
29;None;disgrace;;filthy;;;;gryazniy
29;None;matting;;filthy;;;;gryazniy
29;None;gold;;filthy;;;;gryazniy
29;None;accusation;;filthy;;;;gryazniy
29;None;abyss;;filthy;;;;gryazniy
29;None;debauchery;;filthy;;;;gryazniy
29;None;curtain;;filthy;;;;gryazniy
29;None;dugout;;filthy;;;;gryazniy
29;None;corruption;;filthy;;;;gryazniy
29;None;parody;;filthy;;;;gryazniy
29;None;dump;;filthy;;;;gryazniy
29;None;cynicism;;filthy;;;;gryazniy
30;person;nakedness;;filthy;;;;
30;person;hyena;;filthy;;;;
30;person;glutton;;filthy;;;;
30;person;brain;;filthy;;;;
30;person;sinne;;filthy;;;;
30;person;adultery;;filthy;;;;
30;person;quest;;filthy;;;;
30;person;pork;;filthy;;;;
30;person;wretchedness;;filthy;;;;
30;person;blasphemy;;filthy;;;;
30;person;sensuality;;filthy;;;;
30;person;decoction;;filthy;;;;
30;person;democrat;;filthy;;;;
30;person;mcnasty;;filthy;;;;
30;person;nightmare;;filthy;;;;
30;person;minuteness;;filthy;;;;
30;person;intercourse;;filthy;;;;
30;person;indolence;;filthy;;;;
30;person;weaver;;filthy;;;;
30;person;invention;;filthy;;;;
30;person;horde;;filthy;;;;
30;person;scumbag;;filthy;;;;
30;person;altar;;filthy;;;;
30;person;burden;;filthy;;;;
30;person;tatterdemalion;;filthy;;;;
30;person;degradation;;filthy;;;;
30;person;novelty;;filthy;;;;
30;person;plague;;filthy;;;;
30;person;grime;;filthy;;;;
30;person;warren;;filthy;;;;
30;person;contamination;;filthy;;;;
30;person;sneak;;filthy;;;;
30;person;obscenity;;filthy;;;;
30;person;stockade;;filthy;;;;
30;person;perversion;;filthy;;;;
30;person;cowyard;;filthy;;;;
30;person;gore;;filthy;;;;
30;person;jargon;;filthy;;;;
30;person;drunkennesse;;filthy;;;;
30;person;commerce;;filthy;;;;
30;person;vocabulary;;filthy;;;;
30;person;embarkation;;filthy;;;;
30;person;infamy;;filthy;;;;
30;person;savour;;filthy;;;;
30;person;carnality;;filthy;;;;
30;person;ordure;;filthy;;;;
30;person;deity;;filthy;;;;
30;person;demon;;filthy;;;;
30;person;offal;;filthy;;;;
30;person;defilement;;filthy;;;;
30;person;multitude;;filthy;;;;
30;person;humour;;filthy;;;;
30;person;excuse;;filthy;;;;
30;person;vomit;;filthy;;;;
30;person;horror;;filthy;;;;
30;person;abortion;;filthy;;;;
30;person;pollution;;filthy;;;;
30;person;lodging;;filthy;;;;
30;person;sword;;filthy;;;;
30;person;publication;;filthy;;;;
30;person;caravanserai;;filthy;;;;
30;person;sleeping;;filthy;;;;
30;person;dreamer;;filthy;;;;
30;person;gaol;;filthy;;;;
30;person;exhibition;;filthy;;;;
30;person;folly;;filthy;;;;
30;person;pornography;;filthy;;;;
30;person;headache;;filthy;;;;
30;person;composition;;filthy;;;;
30;person;fornication;;filthy;;;;
30;person;lair;;filthy;;;;
30;person;motion;;filthy;;;;
30;person;statement;;filthy;;;;
30;person;doctrine;;filthy;;;;
30;person;circumstance;;filthy;;;;
30;person;swill;;filthy;;;;
30;person;fiend;;filthy;;;;
30;person;prebendary;;filthy;;;;
30;person;banquet;;filthy;;;;
30;person;sepulchre;;filthy;;;;
30;person;moat;;filthy;;;;
30;person;witness;;filthy;;;;
30;person;grog;;filthy;;;;
30;person;repast;;filthy;;;;
30;person;institution;;filthy;;;;
30;person;cruelty;;filthy;;;;
30;person;spawn;;filthy;;;;
30;person;crib;;filthy;;;;
30;person;vulture;;filthy;;;;
30;person;satyr;;filthy;;;;
30;person;rum;;filthy;;;;
30;person;lucker;;filthy;;;;
30;person;jerusalem;;filthy;;;;
30;person;paunch;;filthy;;;;
30;person;oath;;filthy;;;;
30;person;righteousness;;filthy;;;;
30;person;natta;;filthy;;;;
30;person;vapor;;filthy;;;;
30;person;eloquence;;filthy;;;;
30;person;debauchee;;filthy;;;;
30;person;creation;;filthy;;;;
30;person;adulterer;;filthy;;;;
30;person;association;;filthy;;;;
30;person;luxury;;filthy;;;;
30;person;hide;;filthy;;;;
30;person;ribaldry;;filthy;;;;
30;person;maw;;filthy;;;;
30;person;infection;;filthy;;;;
30;person;buzzard;;filthy;;;;
30;person;mudhole;;filthy;;;;
30;person;baboon;;filthy;;;;
30;person;drunkenness;;filthy;;;;
30;person;abomination;;filthy;;;;
30;person;leprosy;;filthy;;;;
30;person;merchandise;;filthy;;;;
30;person;physic;;filthy;;;;
30;person;mammon;;filthy;;;;
30;person;passageway;;filthy;;;;
30;person;indulgence;;filthy;;;;
30;person;gratification;;filthy;;;;
30;person;pest;;filthy;;;;
30;person;rebel;;filthy;;;;
30;person;promiscuity;;filthy;;;;
30;person;fray;;filthy;;;;
30;person;lioness;;filthy;;;;
30;person;lecher;;filthy;;;;
30;person;epithet;;filthy;;;;
30;person;wilderness;;filthy;;;;
30;person;invader;;filthy;;;;
30;person;superstition;;filthy;;;;
30;person;phonograph;;filthy;;;;
30;person;concentration;;filthy;;;;
30;person;dalliance;;filthy;;;;
30;person;clown;;filthy;;;;
30;person;enactment;;filthy;;;;
30;person;lewdness;;filthy;;;;
30;person;mate;;filthy;;;;
30;person;curiosity;;filthy;;;;
30;person;shallop;;filthy;;;;
30;person;chrysalis;;filthy;;;;
30;person;flattery;;filthy;;;;
30;person;taint;;filthy;;;;
30;person;vapour;;filthy;;;;
30;person;rage;;filthy;;;;
30;person;cauldron;;filthy;;;;
30;person;lechery;;filthy;;;;
30;person;idolatry;;filthy;;;;
30;person;indecency;;filthy;;;;
30;person;sanitation;;filthy;;;;
30;person;sodom;;filthy;;;;
30;person;falsehood;;filthy;;;;
30;person;embrace;;filthy;;;;
30;person;tom;;filthy;;;;
30;person;simile;;filthy;;;;
30;person;slug;;filthy;;;;
30;person;ignorance;;filthy;;;;
30;person;philosophy;;filthy;;;;
30;person;disposition;;filthy;;;;
30;person;boulevard;;filthy;;;;
30;person;pitch;;filthy;;;;
30;person;doggerel;;filthy;;;;
30;person;progeny;;filthy;;;;
30;person;bloud;;filthy;;;;
30;person;ooze;;filthy;;;;
30;person;storyteller;;filthy;;;;
30;person;cheat;;filthy;;;;
30;person;slaughter;;filthy;;;;
30;person;odour;;filthy;;;;
30;person;deer;;filthy;;;;
30;person;annoyance;;filthy;;;;
30;person;kaross;;filthy;;;;
30;person;cigar;;filthy;;;;
30;person;scald;;filthy;;;;
30;person;debauch;;filthy;;;;
30;person;appetite;;filthy;;;;
30;person;uncleanness;;filthy;;;;
30;person;mozart;;filthy;;;;
30;person;shape;;filthy;;;;
30;person;ease;;filthy;;;;
30;person;ballad;;filthy;;;;
30;person;fornicator;;filthy;;;;
30;person;desolation;;filthy;;;;
30;person;opium;;filthy;;;;
30;person;mystery;;filthy;;;;
30;person;vituperation;;filthy;;;;
30;person;leper;;filthy;;;;
30;person;hellhole;;filthy;;;;
30;person;coxcomb;;filthy;;;;
30;person;amalgamation;;filthy;;;;
30;person;note;;filthy;;;;
30;person;solitude;;filthy;;;;
30;person;bedding;;filthy;;;;
30;person;communication;;filthy;;;;
30;person;venom;;filthy;;;;
30;person;covetousness;;filthy;;;;
30;person;licentiousness;;filthy;;;;
30;person;parbreake;;filthy;;;;
30;person;maggot;;filthy;;;;
30;person;cocytus;;filthy;;;;
30;person;daemon;;filthy;;;;
30;person;cubicle;;filthy;;;;
30;person;fleet;;filthy;;;;
30;person;hope;;filthy;;;;
30;person;carrion;;filthy;;;;
30;person;brothel;;filthy;;;;
30;person;standing;;filthy;;;;
30;person;avarice;;filthy;;;;
30;person;loquacity;;filthy;;;;
30;person;discourse;;filthy;;;;
30;person;beverage;;filthy;;;;
30;person;potion;;filthy;;;;
30;person;carcase;;filthy;;;;
30;person;fry;;filthy;;;;
30;person;leech;;filthy;;;;
30;person;contagion;;filthy;;;;
30;person;prey;;filthy;;;;
30;person;mesh;;filthy;;;;
30;person;presidentiad;;filthy;;;;
30;person;heresy;;filthy;;;;
30;person;serpent;;filthy;;;;
30;person;scarecrow;;filthy;;;;
30;person;amusement;;filthy;;;;
30;person;sect;;filthy;;;;
30;person;custom;;filthy;;;;
30;person;troop;;filthy;;;;
30;person;spittle;;filthy;;;;
30;person;detention;;filthy;;;;
30;person;concubinage;;filthy;;;;
30;person;concupiscence;;filthy;;;;
30;person;disguise;;filthy;;;;
30;person;affection;;filthy;;;;
30;person;excrement;;filthy;;;;
30;person;ceremony;;filthy;;;;
31;happening;revolution;;;messy;;schmutzig;
32;collection;kiss;;;messy;;;gryazniy
32;collection;knot;;;messy;;;gryazniy
32;collection;pile;;;messy;;;gryazniy
33;activity;departure;;;messy;;;
33;activity;succession;;;messy;;;
33;activity;melange;;;messy;;;
33;activity;paperwork;;;messy;;;
33;activity;flux;;;messy;;;
33;activity;roommate;;;messy;;;
33;activity;dispute;;;messy;;;
33;activity;makeup;;;messy;;;
33;activity;cleanup;;;messy;;;
33;activity;disorderliness;;;messy;;;
33;activity;tax;;;messy;;;
33;activity;blend;;;messy;;;
33;activity;democracy;;;messy;;;
33;activity;separation;;;messy;;;
33;activity;drawer;;;messy;;;
33;activity;realm;;;messy;;;
33;activity;math;;;messy;;;
33;activity;entanglement;;;messy;;;
33;activity;chart;;;messy;;;
33;activity;blob;;;messy;;;
33;activity;goo;;;messy;;;
33;activity;topknot;;;messy;;;
33;activity;option;;;messy;;;
33;activity;eater;;;messy;;;
33;activity;involvement;;;messy;;;
33;activity;blur;;;messy;;;
33;activity;confrontation;;;messy;;;
33;activity;terrain;;;messy;;;
33;activity;splash;;;messy;;;
33;activity;glob;;;messy;;;
33;activity;syntax;;;messy;;;
33;activity;glue;;;messy;;;
33;activity;dorm;;;messy;;;
33;activity;transition;;;messy;;;
33;activity;collage;;;messy;;;
33;activity;hodgepodge;;;messy;;;
33;activity;inconvenience;;;messy;;;
33;activity;subjectivity;;;messy;;;
33;activity;physicality;;;messy;;;
33;activity;center;;;messy;;;
33;activity;phenomenon;;;messy;;;
33;activity;estate;;;messy;;;
33;activity;hairdo;;;messy;;;
33;activity;diversity;;;messy;;;
33;activity;sauce;;;messy;;;
33;activity;glory;;;messy;;;
33;activity;predicament;;;messy;;;
33;activity;management;;;messy;;;
33;activity;sprawl;;;messy;;;
33;activity;heterogeneity;;;messy;;;
33;activity;teenager;;;messy;;;
33;activity;bookkeeping;;;messy;;;
33;activity;ordeal;;;messy;;;
33;activity;demise;;;messy;;;
33;activity;debate;;;messy;;;
33;activity;ponytail;;;messy;;;
33;activity;start;;;messy;;;
33;activity;disaster;;;messy;;;
33;activity;breakup;;;messy;;;
33;activity;diagram;;;messy;;;
33;activity;series;;;messy;;;
33;activity;unpredictability;;;messy;;;
33;activity;handwriting;;;messy;;;
33;activity;bun;;;messy;;;
33;activity;period;;;messy;;;
33;activity;scribble;;;messy;;;
33;activity;computer;;;messy;;;
33;activity;domain;;;messy;;;
33;activity;spill;;;messy;;;
33;activity;triangle;;;messy;;;
33;activity;conclusion;;;messy;;;
33;activity;territory;;;messy;;;
33;activity;failure;;;messy;;;
33;activity;equation;;;messy;;;
33;activity;explosion;;;messy;;;
33;activity;interaction;;;messy;;;
33;activity;organization;;;messy;;;
33;activity;controversy;;;messy;;;
33;activity;suicide;;;messy;;;
33;activity;context;;;messy;;;
33;activity;interplay;;;messy;;;
33;activity;pluralism;;;messy;;;
33;activity;drama;;;messy;;;
33;activity;hobby;;;messy;;;
33;activity;violence;;;messy;;;
33;activity;bite;;;messy;;;
33;activity;mathematics;;;messy;;;
33;activity;gash;;;messy;;;
33;activity;endeavor;;;messy;;;
33;activity;kill;;;messy;;;
33;activity;encounter;;;messy;;;
33;activity;housekeeping;;;messy;;;
33;activity;vitality;;;messy;;;
33;activity;pattern;;;messy;;;
33;activity;particularity;;;messy;;;
33;activity;uncertainty;;;messy;;;
33;activity;complication;;;messy;;;
33;activity;universe;;;messy;;;
33;activity;issue;;;messy;;;
33;activity;fall;;;messy;;;
33;activity;actuality;;;messy;;;
33;activity;aftermath;;;messy;;;
33;activity;litigation;;;messy;;;
33;activity;artist;;;messy;;;
33;activity;correction;;;messy;;;
33;activity;spirituality;;;messy;;;
33;activity;collapse;;;messy;;;
33;activity;materiality;;;messy;;;
33;activity;custody;;;messy;;;
33;activity;accounting;;;messy;;;
33;activity;emotion;;;messy;;;
33;activity;discussion;;;messy;;;
33;activity;array;;;messy;;;
33;activity;bachelor;;;messy;;;
33;activity;trial;;;messy;;;
33;activity;bowel;;;messy;;;
33;activity;multiplicity;;;messy;;;
33;activity;mistake;;;messy;;;
33;activity;birth;;;messy;;;
33;activity;emotionalism;;;messy;;;
33;activity;complexity;;;messy;;;
33;activity;notion;;;messy;;;
33;activity;logic;;;messy;;;
33;activity;sandwich;;;messy;;;
33;activity;outcome;;;messy;;;
33;activity;formula;;;messy;;;
33;activity;trouble;;;messy;;;
33;activity;desktop;;;messy;;;
33;activity;interference;;;messy;;;
33;activity;execution;;;messy;;;
33;activity;conglomeration;;;messy;;;
33;activity;incident;;;messy;;;
33;activity;collision;;;messy;;;
33;activity;arrangement;;;messy;;;
33;activity;investigation;;;messy;;;
33;activity;lawsuit;;;messy;;;
33;activity;contingency;;;messy;;;
33;activity;result;;;messy;;;
33;activity;typescript;;;messy;;;
33;activity;saga;;;messy;;;
33;activity;exit;;;messy;;;
33;activity;presentation;;;messy;;;
33;activity;algebra;;;messy;;;
34;unit;dishes;;;;dreckig;schmutzig;gryazniy
35;horny_structure;nail;;;;dreckig;schmutzig;
36;clothing;straw;;;;;schmutzig;gryazniy
36;clothing;stairs;;;;;schmutzig;gryazniy
36;clothing;boots;;;;;schmutzig;gryazniy
36;clothing;animal;;;;;schmutzig;gryazniy
36;clothing;people;;;;;schmutzig;gryazniy
36;clothing;clothes;;;;;schmutzig;gryazniy
36;clothing;content;;;;;schmutzig;gryazniy
36;clothing;politics;;;;;schmutzig;gryazniy
36;clothing;pants;;;;;schmutzig;gryazniy
36;clothing;secret;;;;;schmutzig;gryazniy
37;information;liquid;;;;;schmutzig;
37;information;usa;;;;;schmutzig;
37;information;streets;;;;;schmutzig;
37;information;texture;;;;;schmutzig;
37;information;handel;;;;;schmutzig;
37;information;spots;;;;;schmutzig;
37;information;waters;;;;;schmutzig;
37;information;coloring;;;;;schmutzig;
37;information;self-interest;;;;;schmutzig;
37;information;bach;;;;;schmutzig;
37;information;parlor;;;;;schmutzig;
37;information;details;;;;;schmutzig;
37;information;saying;;;;;schmutzig;
37;information;past;;;;;schmutzig;
37;information;electricity;;;;;schmutzig;
37;information;abusive;;;;;schmutzig;
37;information;thursday;;;;;schmutzig;
37;information;feet;;;;;schmutzig;
37;information;riff-raff;;;;;schmutzig;
37;information;lake|sheets;;;;;schmutzig;
37;information;plates;;;;;schmutzig;
37;information;machination;;;;;schmutzig;
